Week,Plot ID,Image #,Quad. #,Quad. Area,Quad. Barn. Area, Quad. % Barn,Quad. Algae Area,Quad. % Algae,Plot Total Area,Plot Total Barn. Area,Plot Total Algae Area,Plot Total % Barn.,Plot Total % Algae,Photo Analyst,,,,,,,,,,,,,,
0,NC01,1455,1,1692972,390442,23.06251964,52426,3.096684411,7223113,1320925,767748,18.28747522,0.10629046,Aime,,,,,,,,,,,,,,
,,,2,1837300,425926,23.18216949,183287,9.975888532,,,,,,,,,,,,,,,,,,,,
,,,3,1732038,245211,14.15736837,172551,9.962310296,,,,,,,,,,,,,,,,,,,,
,,,4,1960803,259346,13.22651995,359484,18.33350928,,,,,,,,,,,,,,,,,,,,
0,NC02,1421,1,1353670,131475,9.712485318,148230,10.95023159,5257672,471111,502348,8.960448655,0.095545709,Aime,,,,,,,,,,,,,,
,,,2,1380086,148904,10.78947254,80978,5.867605352,,,,,,,,,,,,,,,,,,,,
,,,3,1218713,107977,8.85992026,12399,1.017384733,,,,,,,,,,,,,,,,,,,,
,,,4,1305203,82755,6.340393027,260741,19.97704572,,,,,,,,,,,,,,,,,,,,
0,NC03,1335,1,1308195,90435,6.912960224,555636,42.47348446,5223405,386469,1295744,7.398794465,0.248065007,Natalie,,,,,,,,,,,,,,
,,,2,1288090,117826,9.147342189,378498,29.38443742,,,,,,,,,,,,,,,,,,,,
,,,3,1316510,84142,6.391292128,218580,16.6029882,,,,,,,,,,,,,,,,,,,,
,,,4,1310610,94066,7.1772686,143030,10.91323887,,,,,,,,,,,,,,,,,,,,
0,NC04,1338,1,1447636,171204,11.82645361,83386,5.760149651,5704969,532592,451105,9.335580965,0.079072296,,,,,,,,,,,,,,,
,,,2,1361932,88159,6.473083825,94665,6.950787558,,,,,,,,,,,,,,,,,,,,
,,,3,1500358,150353,10.02114162,164508,10.96458312,,,,,,,,,,,,,,,,,,,,
,,,4,1395043,122876,8.80804391,108546,7.780835429,,,,,,,,,,,,,,,,,,,,
0,NC05,1349,1,1215034,162471,13.37172458,155070,12.76260582,4901403,550353,642116,11.22847887,0.131006571,Natalie,,,,,,,,,,,,,,
,,,2,1195862,98230,8.21415849,302889,25.3280897,,,,,,,,,,,,,,,,,,,,
,,,3,1263200,192099,15.20733059,17057,1.350300823,,,,,,,,,,,,,,,,,,,,
,,,4,1227307,97553,7.948540993,167100,13.61517534,,,,,,,,,,,,,,,,,,,,
0,NC06,1340,1,1100393,148316,13.47845724,202151,18.37080025,4542593,406032,699178,8.938331037,0.153916056,Natalie,,,,,,,,,,,,,,
,,,2,1117808,69686,6.234165438,123208,11.02228647,,,,,,,,,,,,,,,,,,,,
,,,3,1166405,86953,7.454786288,209243,17.93913778,,,,,,,,,,,,,,,,,,,,
,,,4,1157987,101077,8.728681755,164576,14.21224936,,,,,,,,,,,,,,,,,,,,
0,A03,1072,1,869705,109512,12.59185586,669762,77.0102506,4882875,691531,2742512,14.1623736,0.561659268,Ian,,,,,,,,,,,,,,
,,,2,1137615,114788,10.09023264,813171,71.48033386,,,,,,Ian,,,,,,,,,,,,,,
,,,3,1297752,240125,18.50315006,550358,42.40856496,,,,,,Ian,,,,,,,,,,,,,,
,,,4,1577803,227106,14.39381216,709221,44.9499082,,,,,,Ian,,,,,,,,,,,,,,
0,A04,1076,1,983950,93613,9.513999695,69232,7.036129885,5038055,467053,1211236,9.270502208,0.240417383,Ian,,,,,,,,,,,,,,
,,,2,1145961,60793,5.304979838,642246,56.04431564,,,,,,Ian,,,,,,,,,,,,,,
,,,3,1549847,205023,13.22859611,186902,12.05938393,,,,,,Ian,,,,,,,,,,,,,,
,,,4,1358297,107624,7.923451204,312856,23.03295965,,,,,,Ian,,,,,,,,,,,,,,
0,A05,1195,1,883744,79363,8.980315566,192628,21.79680994,3840571,372007,699447,9.686241968,0.182120575,Ian,,,,,,,,,,,,,,
,,,2,914023,59515,6.511324113,193829,21.20614033,,,,,,Ian,,,,,,,,,,,,,,
,,,3,961900,121225,12.6026614,142447,14.80891985,,,,,,Ian,,,,,,,,,,,,,,
,,,4,1080904,111904,10.35281579,170543,15.77781191,,,,,,Ian,,,,,,,,,,,,,,
0,A06,1208,1,882876,69433,7.86441131,296528,33.58659653,3145476,444451,628946,14.12984871,0.199952567,Ian,,,,,,,,,,,,,,
,,,2,771761,123348,15.98266821,119222,15.44804674,,,,,,Ian,,,,,,,,,,,,,,
,,,3,689541,110061,15.96148742,118694,17.21347969,,,,,,Ian,,,,,,,,,,,,,,
,,,4,801298,141609,17.67245145,94502,11.79361486,,,,,,Ian,,,,,,,,,,,,,,
0,A07,1218,1,731047,116519,15.9386469,141920,19.4132525,3167297,426048,554781,13.45146982,0.175159134,Ian,,,,,,,,,,,,,,
,,,2,639004,67895,10.62512911,172611,27.01250696,,,,,,Ian,,,,,,,,,,,,,,
,,,3,813385,143553,17.64883788,36268,4.458897078,,,,,,Ian,,,,,,,,,,,,,,
,,,4,983861,98081,9.968989522,203982,20.73280677,,,,,,Ian,,,,,,,,,,,,,,
0,A08,1392,1,1250567,294220,23.52692819,93098,7.444463191,5060895,757288,504452,14.9635193,0.099676441,Ian,,,,,,,,,,,,,,
,,,2,1298500,128590,9.90296496,216085,16.64112437,,,,,,Ian,,,,,,,,,,,,,,
,,,3,1194049,106842,8.947873998,133273,11.16143475,,,,,,Ian,,,,,,,,,,,,,,
,,,4,1317779,227636,17.27421669,61996,4.704582483,,,,,,Ian,,,,,,,,,,,,,,
0,A09,1238,1,937585,237322,25.31205171,35377,3.773204563,4031637,925475,90423,22.95531567,0.022428359,Ian,,,,,,,,,,,,,,
,,,2,960110,361518,37.6538105,11678,1.216318963,,,,,,Ian,,,,,,,,,,,,,,
,,,3,1278120,205414,16.07157387,0,0,,,,,,Ian,,,,,,,,,,,,,,
,,,4,855822,121221,14.16427715,43368,5.067408877,,,,,,Ian,,,,,,,,,,,,,,
0,A10,1251,1,1220376,236953,19.41639298,237730,19.48006188,4659589,836695,579616,17.95641204,0.124392087,Ian,,,,,,,,,,,,,,
,,,2,1274048,273874,21.49636434,91221,7.15993432,,,,,,Ian,,,,,,,,,,,,,,
,,,3,1001776,98007,9.783324815,77294,7.715696922,,,,,,Ian,,,,,,,,,,,,,,
,,,4,1163389,227861,19.58596824,173371,14.9022382,,,,,,Ian,,,,,,,,,,,,,,
0,A11,1264,1,1414024,271324,19.18807602,123708,8.748649245,4680824,704145,239921,15.0431847,0.051256146,Ian,,,,,,,,,,,,,,
,,,2,1076751,161882,15.03430227,80605,7.485946147,,,,,,Ian,,,,,,,,,,,,,,
,,,3,1073592,116128,10.81677211,30610,2.851176238,,,,,,Ian,,,,,,,,,,,,,,
,,,4,1116457,154811,13.86627519,4998,0.447666144,,,,,,Ian,,,,,,,,,,,,,,
0,A12,1273,1,795608,240585,30.23913787,160661,20.19348724,2867585,528195,744810,18.41950631,0.259734236,Ian,,,,,,,,,,,,,,
,,,2,829524,149724,18.04938736,290992,35.07939493,,,,,,Ian,,,,,,,,,,,,,,
,,,3,636647,80880,12.70405735,180153,28.29715682,,,,,,Ian,,,,,,,,,,,,,,
,,,4,605806,57006,9.409943117,113004,18.65349633,,,,,,Ian,,,,,,,,,,,,,,
0,A13,1286,1,898400,73994,8.236197685,218963,24.3725512,3607796,488840,788060,13.54954659,0.218432528,Ian,,,,,,,,,,,,,,
,,,2,826466,77470,9.373646345,335549,40.60046027,,,,,,Ian,,,,,,,,,,,,,,
,,,3,759717,122604,16.13811459,124684,16.41190075,,,,,,Ian,,,,,,,,,,,,,,
,,,4,1123213,214772,19.12121744,108864,9.692195514,,,,,,Ian,,,,,,,,,,,,,,
0,A14,1292,1,1259265,262795,20.86891957,19386,1.539469452,3994099,737178,284100,18.45667821,0.071129934,Ian,,,,,,,,,,,,,,
,,,2,793248,229451,28.92550627,15246,1.921971439,,,,,,Ian,,,,,,,,,,,,,,
,,,3,751398,74412,9.903140546,78948,10.5068153,,,,,,Ian,,,,,,,,,,,,,,
,,,4,1190188,170520,14.32714832,170520,14.32714832,,,,,,Ian,,,,,,,,,,,,,,
0,A15,1299,1,1123636,224987,20.02312137,242247,21.55920601,4816942,1282277,725517,26.62014614,0.150617757,Ian,,,,,,,,,,,,,,
,,,2,1125181,303863,27.00569953,243970,21.68273371,,,,,,Ian,,,,,,,,,,,,,,
,,,3,1279892,411161,32.12466364,104554,8.168970507,,,,,,Ian,,,,,,,,,,,,,,
,,,4,1288233,342266,26.56864092,134746,10.45975379,,,,,,Ian,,,,,,,,,,,,,,
0,A16,1281,1,814051,120880,14.8491925,98373,12.08437801,4104370,773290,250442,18.84065033,0.061018378,Ian,,,,,,,,,,,,,,
,,,2,1332352,279585,20.98431946,92281,6.926172663,,,,,,Ian,,,,,,,,,,,,,,
,,,3,839485,106490,12.68515816,4131,0.492087411,,,,,,Ian,,,,,,,,,,,,,,
,,,4,1118482,266335,23.81218473,55657,4.976119419,,,,,,Ian,,,,,,,,,,,,,,
0,B03,1180,1,1682621,251798,14.96462959,352089,20.92503303,6594185,1005524,1172904,15.2486471,0.177869441,Ian,,,,,,,,,,,,,,
,,,2,1573606,388737,24.70357891,28301,1.798480687,,,,,,Ian,,,,,,,,,,,,,,
,,,3,1571141,166050,10.56875226,451442,28.73338548,,,,,,Ian,,,,,,,,,,,,,,
,,,4,1766817,198939,11.25973997,341072,19.30431958,,,,,,Ian,,,,,,,,,,,,,,
0,B04,1191,1,1267192,293197,23.13753559,323672,25.54245923,4501420,861209,934328,19.13194059,0.207562947,Ian,,,,,,,,,,,,,,
,,,2,1348026,234986,17.43185962,200506,14.87404546,,,,,,,,,,,,,,,,,,,,
,,,3,964918,161557,16.74308076,226563,23.48002628,,,,,,,,,,,,,,,,,,,,
,,,4,921284,171469,18.61195896,183587,19.92729712,,,,,,,,,,,,,,,,,,,,
0,B05,1097,1,889135,120940,13.60198395,5507,0.619366013,3797904,619841,185730,16.32060737,0.04890329,Ian,,,,,,,,,,,,,,
,,,2,961962,135179,14.05242619,160701,16.70554554,,,,,,Ian,,,,,,,,,,,,,,
,,,3,995588,217106,21.80681165,16667,1.674086068,,,,,,Ian,,,,,,,,,,,,,,
,,,4,951219,146616,15.41348522,2855,0.300141187,,,,,,Ian,,,,,,,,,,,,,,
0,B06,1227,1,1397642,99310,7.105539187,494213,35.36048573,4966640,491517,1471491,9.896368571,0.296274946,Ian,,,,,,,,,,,,,,
,,,2,1332406,199664,14.98522222,157438,11.81606808,,,,,,,,,,,,,,,,,,,,
,,,3,1123827,142947,12.71966237,171809,15.28785124,,,,,,,,,,,,,,,,,,,,
,,,4,1112765,49596,4.457005747,648031,58.23610556,,,,,,,,,,,,,,,,,,,,
0,B07,1232,1,1193235,159078,13.33165722,126741,10.62162944,4146988,687194,631415,16.57091846,0.1522587,Julia,,,,,,,,,,,,,,
,,,2,1165443,214977,18.44594716,154246,13.2349673,,,,,,Julia/Ian,,,,,,,,,,,,,,
,,,3,960943,213128,22.17904704,140201,14.58993926,,,,,,Julia/Ian,,,,,,,,,,,,,,
,,,4,827367,100011,12.08786427,210227,25.40915942,,,,,,Julia/Ian,,,,,,,,,,,,,,
0,B08,1259,1,1491020,117895,7.910956032,387562,25.99307856,5245956,562386,955816,10.72037204,0.182200537,Aimee/Natalie,,,,,,,,,,,,,,
,,,2,1395134,145134,10.5574113,178787,12.81504142,,,,,,Aimee/Natalie,,,,,,,,,,,,,,
,,,3,1180804,140593,11.68203022,253371,21.45749845,,,,,,Aimee/Natalie,,,,,,,,,,,,,,
,,,4,1185266,158764,13.48347433,136096,11.48231705,,,,,,Aimee/Natalie,,,,,,,,,,,,,,
0,B09,1271,1,1456516,219098,14.72748526,178504,12.2555468,5747549,836360,1271703,14.55159408,0.221260054,Aimee/Natalie,,,,,,,,,,,,,,
,,,2,1587833,256423,16.192287,295292,18.59716985,,,,,,Aimee/Natalie,,,,,,,,,,,,,,
,,,3,1428492,278232,22.39412508,709367,49.65845101,,,,,,Aimee/Natalie,,,,,,,,,,,,,,
,,,4,1261852,82607,5.761310845,88540,7.016670735,,,,,,Aimee,,,,,,,,,,,,,,
0,B10,1136,1,1357970,249643,18.14933398,57508,4.234850549,6076669,1087447,129801,17.89544568,0.021360551,Aimee,,,,,,,,,,,,,,
,,,2,1392723,249364,17.85359372,3039,0.21820563,,,,,,Aimee,,,,,,,,,,,,,,
,,,3,1579999,374964,21.71788138,32159,2.035381035,,,,,,Aimee,,,,,,,,,,,,,,
,,,4,1755073,213476,13.52880375,37095,2.113587298,,,,,,Aimee,,,,,,,,,,,,,,
0,B11,1152,1,917299,171437,18.68932594,215211,23.46137955,3519665,590774,1165121,16.7849497,0.331031789,,,,,,,,,,,,,,,
,,,2,843956,58976,6.988042031,487131,57.71995222,,,,,,,,,,,,,,,,,,,,
,,,3,819479,74610,9.104565218,273572,33.38364986,,,,,,,,,,,,,,,,,,,,
,,,4,938931,285751,30.43365274,189207,20.15132102,,,,,,,,,,,,,,,,,,,,
0,B12,1138,1,1141950,168164,14.72603879,204053,17.86882088,5386518,1080477,605119,20.05891375,0.112339549,Natalie,,,,,,,,,,,,,,
,,,2,870671,195659,22.47220822,89083,10.23153407,,,,,,,,,,,,,,,,,,,,
,,,3,982536,148921,15.15679833,205185,20.88320428,,,,,,,,,,,,,,,,,,,,
,,,4,923165,143567,15.55160778,106798,11.56867949,,,,,,,,,,,,,,,,,,,,
0,B13,1147,1,1399870,182523,12.72962749,109612,7.830155657,5524109,887615,547706,16.06802111,0.099148297,Aimee,,,,,,,,,,,,,,
,,,2,1287362,179663,13.99645693,243766,18.93531112,,,,,,,,,,,,,,,,,,,,
,,,3,1327606,349741,24.00855337,134698,10.14593185,,,,,,,,,,,,,,,,,,,,
,,,4,1457608,175688,13.01490927,59630,4.090949007,,,,,,,,,,,,,,,,,,,,
0,B14,1171,1,586270,55015,9.174503169,31777,5.420198884,2901546,278281,495497,9.590783672,0.170769996,Aimee,,,,,,,,,,,,,,
,,,2,930490,128081,13.49712841,102590,11.02537373,,,,,,,,,,,,,,,,,,,,
,,,3,702761,47867,7.183095633,175320,24.94731495,,,,,,,,,,,,,,,,,,,,
,,,4,642003,47318,6.892031444,185810,28.94223236,,,,,,,,,,,,,,,,,,,,
0,B15,,1,1418430,127811,9.010737224,158221,11.15465691,5213486,443855,690816,8.5135934,0.132505583,Natalie,,,,,,,,,,,,,,
,,,2,1177465,48737,4.139146387,204602,17.37648253,,,,,,,,,,,,,,,,,,,,
,,,3,1304933,154983,11.87670172,273367,20.94873836,,,,,,,,,,,,,,,,,,,,
,,,4,1312658,112324,8.556988949,54626,4.161479989,,,,,,,,,,,,,,,,,,,,
0,B16,,1,1097770,109793,10.0014575,123201,11.22284267,3638519,489020,702494,13.44008373,0.193071412,Natalie,,,,,,,,,,,,,,
,,,2,1319722,176817,13.39804898,448767,34.00466159,,,,,,,,,,,,,,,,,,,,
,,,3,724942,122055,16.83651934,122055,16.83651934,,,,,,,,,,,,,,,,,,,,
,,,4,496085,80355,16.197829,8471,1.707570275,,,,,,,,,,,,,,,,,,,,
0,C13,,1,1145040,52049,4.545605394,461276,40.28470621,5062398,414960,1213188,8.196905893,0.239646903,Natalie,,,,,,,,,,,,,,
,,,2,1156259,118408,10.24061218,328984,28.4524488,,,,,,,,,,,,,,,,,,,,
,,,3,1319036,60749,4.605560424,280729,21.28289144,,,,,,,,,,,,,,,,,,,,
,,,4,1442063,183754,12.74243913,142199,9.860803585,,,,,,,,,,,,,,,,,,,,
0,C14,,1,1160459,101435,8.740937853,92024,7.929965643,4562384,445190,285812,9.757837131,0.062645319,,,,,,,,,,,,,,,
,,,2,878481,52871,6.018456859,94611,10.76984021,,,,,,,,,,,,,,,,,,,,
,,,3,1292991,157112,12.15105132,28646,2.215483325,,,,,,,,,,,,,,,,,,,,
,,,4,1230453,133772,10.87176836,70531,5.732116546,,,,,,,,,,,,,,,,,,,,
0,C15,,1,1206638,83987,6.960413977,425775,35.28605928,4769548,272401,1322032,5.71125398,0.277181821,,,,,,,,,,,,,,,
,,,2,1328835,41881,3.151708075,361895,27.23400573,,,,,,,,,,,,,,,,,,,,
,,,3,1040772,81030,7.785566868,196399,18.8705115,,,,,,,,,,,,,,,,,,,,
,,,4,1193303,65503,5.489217743,337963,28.3216417,,,,,,,,,,,,,,,,,,,,
0,C16,,1,919199,157814,17.16864357,6761,0.735531697,4158696,484468,400645,11.64951706,0.096339093,Natalie,,,,,,,,,,,,,,
,,,2,951265,154858,16.27916511,44595,4.687968127,,,,,,,,,,,,,,,,,,,,
,,,3,1114173,81639,7.327318109,119518,10.72705944,,,,,,,,,,,,,,,,,,,,
,,,4,1174059,90157,7.679085974,229771,19.5706519,,,,,,,,,,,,,,,,,,,,
6,NC01,1811,1,1816869,398350,21.925081,214710,11.81758289,7564624,1283693,1114247,16.96968679,14.72970765,Annabelle,,,,,,,,,,,,,,
,,,2,2076271,276999,13.34117752,392974,18.92691272,,,,,,,,,,,,,,,,,,,,
,,,3,1917248,329348,17.1781637,331679,17.29974422,,,,,,,,,,,,,,,,,,,,
,,,4,1754236,278996,15.90413149,174884,9.969240171,,,,,,,,,,,,,,,,,,,,
6,NC02,1738,1,1820246,201594,11.07509644,144890,7.959913111,6974050,844360,634902,12.10716872,9.103777575,Annabelle,,,,,,,,,,,,,,
,,,2,1763292,229769,13.03068352,8928,0.506325668,,,,,,,,,,,,,,,,,,,,
,,,3,1636045,162045,9.904678661,305602,18.67931506,,,,,,,,,,,,,,,,,,,,
,,,4,1754467,250952,14.30360332,175482,10.00201201,,,,,,,,,,,,,,,,,,,,
6,NC03,1746,1,1793086,102074,5.692643855,232400,12.96089535,6707631,452026,1706579,6.738981318,25.44235066,Aime,,,,,,,,,,,,,,
,,,2,1684012,159332,9.461452769,500056,29.69432522,,,,,,,,,,,,,,,,,,,,
,,,3,1681279,66918,3.980184134,736391,43.79945268,,,,,,,,,,,,,,,,,,,,
,,,4,1549254,123702,7.984617112,237732,15.34493376,,,,,,,,,,,,,,,,,,,,
6,NC04,1762,1,1727388,170023,9.842779966,215541,12.47785674,6775509,625737,498668,9.235276641,7.359860344,Aime,,,,,,,,,,,,,,
,,,2,1750699,144126,8.23248314,76151,4.349748301,,,,,,,,,,,,,,,,,,,,
,,,3,1658775,186876,11.26590406,68014,4.100254706,,,,,,,,,,,,,,,,,,,,
,,,4,1638647,124712,7.610669046,138962,8.480288921,,,,,,,,,,,,,,,,,,,,
6,NC05,1828,1,1569124,150563,9.595353841,150120,9.567121528,6160815,674475,305454,10.94782103,4.95801286,Aime,,,,,,,,,,,,,,
,,,2,1572999,158270,10.061672,31582,2.007757157,,,,,,,,,,,,,,,,,,,,
,,,3,1497086,230303,15.38341819,47829,3.194806444,,,,,,,,,,,,,,,,,,,,
,,,4,1521606,135339,8.894483855,75923,4.989662238,,,,,,,,,,,,,,,,,,,,
6,NC06,1825,1,1835614,372770,20.30764638,15860,0.864016073,6706409,1366752,94924,20.37978895,1.415422173,Aime,,,,,,,,,,,,,,
,,,2,1880062,363160,19.31638425,25247,1.342881245,,,,,,,,,,,,,,,,,,,,
,,,3,1496404,286913,19.1734986,2689,0.179697461,,,,,,,,,,,,,,,,,,,,
,,,4,1494329,343909,23.01427597,51128,3.421468766,,,,,,,,,,,,,,,,,,,,
6,A03,1844,1,1223226,153484,12.54747692,369944,30.24330745,4583060,607481,1200743,13.25492138,26.19959154,Aime,,,,,,,,,,,,,,
,,,2,912593,112315,12.30723882,331971,36.37667613,,,,,,,,,,,,,,,,,,,,
,,,3,1015106,221374,21.80796882,57349,5.64955778,,,,,,,,,,,,,,,,,,,,
,,,4,1432135,120308,8.400604692,441479,30.82663296,,,,,,,,,,,,,,,,,,,,
6,A04,1848,1,1313393,149093,11.35174316,62064,4.725470594,5130653,335708,574685,6.54318271,11.20101087,Aime,,,,,,,,,,,,,,
,,,2,1351338,72031,5.330346664,153734,11.3764284,,,,,,,,,,,,,,,,,,,,
,,,3,1261847,40673,3.223290938,193326,15.32087488,,,,,,,,,,,,,,,,,,,,
,,,4,1204075,73911,6.138405,165561,13.7500571,,,,,,,,,,,,,,,,,,,,
6,A05,1875,1,1323229,64558,4.87882294,232873,17.59884344,4084899,238288,408501,5.833387802,10.00027173,Aime,,,,,,,,,,,,,,
,,,2,976947,48505,4.964957157,70845,7.251672813,,,,,,,,,,,,,,,,,,,,
,,,3,795036,65944,8.294467169,52870,6.650013333,,,,,,,,,,,,,,,,,,,,
,,,4,989687,59281,5.989873566,51913,5.245395767,,,,,,,,,,,,,,,,,,,,
6,A06,1863,1,1119662,68205,6.091570492,277126,24.75086231,3760398,314001,529173,8.350206547,14.07226044,Aime,,,,,,,,,,,,,,
,,,2,1142701,105224,9.208358092,165289,14.46476375,,,,,,,,,,,,,,,,,,,,
,,,3,779444,75038,9.627118818,77364,9.925536665,,,,,,,,,,,,,,,,,,,,
,,,4,718591,65534,9.119791369,9394,1.307280498,,,,,,,,,,,,,,,,,,,,
6,A07,1871,1,1140331,113886,9.987100237,139667,12.24793503,4033653,349939,480512,8.675485968,11.91257652,Aime,,,,,,,,,,,,,,
,,,2,810512,78614,9.699301182,149143,18.40108475,,,,,,,,,,,,,,,,,,,,
,,,3,882967,84198,9.535803716,93870,10.63120139,,,,,,,,,,,,,,,,,,,,
,,,4,1199843,73241,6.104215302,97832,8.153733447,,,,,,,,,,,,,,,,,,,,
6,A08,1878,1,1406379,221503,15.74987966,4382,0.311580307,4553163,492973,69311,10.82704485,1.522260459,Aime,,,,,,,,,,,,,,
,,,2,1228193,63854,5.199020024,7565,0.61594554,,,,,,,,,,,,,,,,,,,,
,,,3,913015,66801,7.316528206,25768,2.822297553,,,,,,,,,,,,,,,,,,,,
,,,4,1005576,140815,14.00341695,31596,3.142079763,,,,,,,,,,,,,,,,,,,,
6,A09,1831,1,1696942,281049,16.56208639,62429,3.678911831,5207430,649778,128802,12.47790177,2.473427391,Aime,,,,,,,,,,,,,,
,,,2,1453674,127627,8.779616338,46324,3.186684222,,,,,,,,,,,,,,,,,,,,
,,,3,976616,118059,12.08857934,0,0,,,,,,,,,,,,,,,,,,,,
,,,4,1080198,123043,11.39078206,20049,1.856048613,,,,,,,,,,,,,,,,,,,,
6,A10,1808,1,1972261,538694,27.31352493,124863,6.330957211,7255183,1426846,339701,19.66657492,4.682183757,Natalie,,,,,,,,,,,,,,
,,,2,1590000,338259,21.27415094,126844,7.977610063,,,,,,,,,,,,,,,,,,,,
,,,3,2444673,361106,14.77113708,58613,2.397580372,,,,,,,,,,,,,,,,,,,,
,,,4,1248249,188787,15.1241459,29381,2.353777171,,,,,,,,,,,,,,,,,,,,
6,A11,1806,1,1879930,346560,18.43472895,83079,4.419260292,5936878,881136,234261,14.84174005,3.945861781,Annabelle,,,,,,,,,,,,,,
,,,2,1357582,151231,11.13973226,45716,3.36745773,,,,,,,,,,,,,,,,,,,,
,,,3,1548242,197898,12.78211029,46046,2.974082863,,,,,,,,,,,,,,,,,,,,
,,,4,1151124,185447,16.11008023,59420,5.161911315,,,,,,,,,,,,,,,,,,,,
6,A12,1803,1,1158620,271127,23.40085619,45850,3.957294022,4312146,732870,594418,16.99548206,13.78473734,Annabelle,,,,,,,,,,,,,,
,,,2,1009976,161112,15.95206223,308486,30.54389411,,,,,,,,,,,,,,,,,,,,
,,,3,974267,125773,12.90950017,112064,11.50239103,,,,,,,,,,,,,,,,,,,,
,,,4,1169283,174858,14.9542925,128018,10.94841882,,,,,,,,,,,,,,,,,,,,
6,A13,1794,1,1146998,169579,14.78459422,86231,7.517973004,4085491,586004,308597,14.34353912,7.553486227,Aime,,,,,,,,,,,,,,
,,,2,1141614,118894,10.41455343,99665,8.730183757,,,,,,,,,,,,,,,,,,,,
,,,3,882799,108458,12.28569584,94292,10.68102705,,,,,,,,,,,,,,,,,,,,
,,,4,914080,189073,20.68451339,28409,3.10793366,,,,,,,,,,,,,,,,,,,,
6,A14,1783,1,987090,257318,26.0683423,8036,0.814110162,3783708,1179419,73516,31.1709836,1.942961772,Aime,,,,,,,,,,,,,,
,,,2,1133377,200163,17.66076072,12863,1.13492686,,,,,,,,,,,,,,,,,,,,
,,,3,838637,626699,74.72827934,18946,2.259141917,,,,,,,,,,,,,,,,,,,,
,,,4,824604,95239,11.54966505,33671,4.083293314,,,,,,,,,,,,,,,,,,,,
6,A15,1786,1,1139006,507315,44.54015168,74971,6.582142675,5293873,1614416,325950,30.4959337,6.157117861,Annabelle,,,,,,,,,,,,,,
,,,2,1357055,443457,32.67789441,108472,7.993191138,,,,,,,,,,,,,,,,,,,,
,,,3,1636921,370597,22.63988305,117573,7.182570203,,,,,,,,,,,,,,,,,,,,
,,,4,1160891,293047,25.24328296,24934,2.147833001,,,,,,,,,,,,,,,,,,,,
6,A16,1777,1,912444,174763,19.15328502,0,0,2668778,442324,58818,16.57402751,2.203930038,Annabelle,,,,,,,,,,,,,,
,,,2,1041932,134856,12.94287919,54142,5.196308396,,,,,,,,,,,,,,,,,,,,
,,,3,411285,54418,13.23121436,2252,0.547552184,,,,,,,,,,,,,,,,,,,,
,,,4,303117,78287,25.8273208,2424,0.799691208,,,,,,,,,,,,,,,,,,,,
6,B03,1819,1,1643146,185749,11.30447325,38356,2.334302612,6019401,768592,705924,12.76857946,11.7274792,Annabelle,,,,,,,,,,,,,,
,,,2,1644387,309529,18.82336701,33736,2.05158518,,,,,,,,,,,,,,,,,,,,
,,,3,1380307,139788,10.12731226,345102,25.0018293,,,,,,,,,,,,,,,,,,,,
,,,4,1351561,133526,9.879391311,288730,21.36270579,,,,,,,,,,,,,,,,,,,,
6,B04,1822,1,1433124,149038,10.39951881,134496,9.38481248,4644307,671888,352656,14.46691616,7.593296481,Aime,,,,,,,,,,,,,,
,,,2,1266414,213410,16.85151933,31933,2.521529295,,,,,,,,,,,,,,,,,,,,
,,,3,939704,153659,16.35185122,24252,2.580812681,,,,,,,,,,,,,,,,,,,,
,,,4,1005065,155781,15.49959455,161975,16.1158731,,,,,,,,,,,,,,,,,,,,
6,B05,1834,1,1829092,228780,12.50784542,16043,0.877101863,5206512,898664,157143,17.26038469,3.018201053,Natalie,,,,,,,,,,,,,,
,,,2,1494439,358148,23.96538099,108109,7.234085834,,,,,,,,,,,,,,,,,,,,
,,,3,1125269,168587,14.98192877,0,0,,,,,,,,,,,,,,,,,,,,
,,,4,757712,143149,18.89227041,32991,4.354028971,,,,,,,,,,,,,,,,,,,,
6,B06,1839,1,1672481,146485,8.75854494,181978,10.88072151,5339257,613228,531946,11.48526846,9.962921807,Natalie,,,,,,,,,,,,,,
,,,2,1628036,182457,11.20718461,76683,4.71015383,,,,,,,,,,,,,,,,,,,,
,,,3,948495,122114,12.87450118,176998,18.66093126,,,,,,,,,,,,,,,,,,,,
,,,4,1090245,162172,14.87482171,96287,8.831684621,,,,,,,,,,,,,,,,,,,,
6,B07,1850,1,1301180,164945,12.6765705,75626,5.812109009,4215699,573429,331080,13.60222824,7.853501875,Natalie,,,,,,,,,,,,,,
,,,2,1181046,174394,14.7660633,42913,3.633474056,,,,,,,,,,,,,,,,,,,,
,,,3,876761,102950,11.74208251,143520,16.36934125,,,,,,,,,,,,,,,,,,,,
,,,4,856712,131140,15.30736117,69021,8.056499734,,,,,,,,,,,,,,,,,,,,
6,B08,1860,1,1350096,185284,13.72376483,273821,20.28159479,4806773,831546,550688,17.29946473,11.45650107,Natalie,,,,,,,,,,,,,,
,,,2,1352541,188365,13.92674973,125522,9.280458042,,,,,,,,,,,,,,,,,,,,
,,,3,1034582,218675,21.13655563,124397,12.02388984,,,,,,,,,,,,,,,,,,,,
,,,4,1069554,239222,22.36651913,26948,2.51955488,,,,,,,,,,,,,,,,,,,,
6,B09,1867,1,1722045,235795,13.69273161,88090,5.11542962,6297003,1147594,538705,18.22444741,8.554942724,Aime,,,,,,,,,,,,,,
,,,2,1699719,371243,21.84143379,201513,11.85566555,,,,,,,,,,,,,,,,,,,,
,,,3,1432301,358242,25.01164211,45058,3.145847137,,,,,,,,,,,,,,,,,,,,
,,,4,1442938,182314,12.63491571,204044,14.14087092,,,,,,,,,,,,,,,,,,,,
6,B10,1874,1,1410223,245930,17.43908588,48233,3.42023921,4443066,944838,65947,21.26545048,1.484267846,Annabelle,,,,,,,,,,,,,,
,,,2,1479712,401055,27.10358502,9985,0.674793473,,,,,,,,,,,,,,,,,,,,
,,,3,790667,213906,27.05386718,3745,0.473650728,,,,,,,,,,,,,,,,,,,,
,,,4,762464,83947,11.00996244,3984,0.522516473,,,,,,,,,,,,,,,,,,,,
6,B11,1881,1,1652065,407862,24.68801167,91993,5.568364441,4834664,830409,694548,17.17614709,14.36600351,Annabelle,,,,,,,,,,,,,,
,,,2,1629680,153325,9.408288744,364735,22.38077414,,,,,,,,,,,,,,,,,,,,
,,,3,740190,151086,20.41178616,123253,16.65153542,,,,,,,,,,,,,,,,,,,,
,,,4,812729,118136,14.53571855,114567,14.09658078,,,,,,,,,,,,,,,,,,,,
6,B12,1887,1,1401246,305718,21.81758235,102701,7.329262671,3953934,967931,251311,24.48020124,6.35597357,Annabelle,,,,,,,,,,,,,,
,,,2,1173035,324424,27.65680478,25106,2.140260095,,,,,,,,,,,,,,,,,,,,
,,,3,654691,157773,24.09884969,68173,10.413004,,,,,,,,,,,,,,,,,,,,
,,,4,724962,180016,24.8310946,55331,7.632262105,,,,,,,,,,,,,,,,,,,,
6,B13,1798,1,1267019,144686,11.41940255,64197,5.066774847,3765689,675855,120640,17.94771156,3.203663393,Annabelle,,,,,,,,,,,,,,
,,,2,982458,212065,21.58514664,8079,0.822325229,,,,,,,,,,,,,,,,,,,,
,,,3,729167,170936,23.44264071,8025,1.100570925,,,,,,,,,,,,,,,,,,,,
,,,4,787045,148168,18.82586129,40339,5.125374026,,,,,,,,,,,,,,,,,,,,
6,B14,1788,1,1079265,195612,18.12455699,90364,8.372735148,3653856,600294,343661,16.42905468,9.405433602,Annabelle,,,,,,,,,,,,,,
,,,2,1497867,281763,18.81094917,68798,4.593064671,,,,,,,,,,,,,,,,,,,,
,,,3,490696,61588,12.55115183,112293,22.88443354,,,,,,,,,,,,,,,,,,,,
,,,4,586028,61331,10.4655409,72206,12.32125427,,,,,,,,,,,,,,,,,,,,
6,B15,1775,1,1193877,127150,10.65017586,54414,4.55775595,3949231,547494,349043,13.86330655,8.838252308,Annabelle,,,,,,,,,,,,,,
,,,2,852304,95361,11.18861345,112263,13.17170869,,,,,,,,,,,,,,,,,,,,
,,,3,1072784,197995,18.45618503,169812,15.82909514,,,,,,,,,,,,,,,,,,,,
,,,4,830266,126988,15.29485731,12554,1.512045537,,,,,,,,,,,,,,,,,,,,
6,B16,1770,1,1539458,368471,23.93511223,155273,10.08621216,4482114,987110,388200,22.02331311,8.661091619,Annabelle,,,,,,,,,,,,,,
,,,2,758799,136158,17.94388237,23876,3.146551327,,,,,,,,,,,,,,,,,,,,
,,,3,767134,100053,13.04244109,82811,10.79485461,,,,,,,,,,,,,,,,,,,,
,,,4,1416723,382428,26.99384424,126240,8.910704492,,,,,,,,,,,,,,,,,,,,
6,C13,1741,1,1091975,160768,14.72268138,37764,3.458320932,5082584,842219,218449,16.5706853,4.297990943,,,,,,,,,,,,,,,
,,,2,1586517,288874,18.20806206,15728,0.991354016,,,,,,,,,,,,,,,,,,,,
,,,3,1435508,272494,18.98240901,67173,4.67938876,,,,,,,,,,,,,,,,,,,,
,,,4,968584,120083,12.39778894,97784,10.09556218,,,,,,,,,,,,,,,,,,,,
6,C14,1754,1,1402417,138968,9.909178226,12908,0.920410976,5068272,646358,99013,12.75302509,1.953584969,,,,,,,,,,,,,,,
,,,2,1238076,143602,11.5988033,66146,5.342644555,,,,,,,,,,,,,,,,,,,,
,,,3,1139379,160395,14.07740532,7303,0.640963191,,,,,,,,,,,,,,,,,,,,
,,,4,1288400,203393,15.78647935,12656,0.982303632,,,,,,,,,,,,,,,,,,,,
6,C15,1766,1,1471571,169372,11.50960436,374639,25.45843863,4976418,443656,1533544,8.915167496,30.81622163,Nathan,,,,,,,,,,,,,,
,,,2,1483273,138540,9.340155184,378942,25.54769082,,,,,,Nathan,,,,,,,,,,,,,,
,,,3,1053267,58546,5.558514603,301782,28.65199422,,,,,,Nathan,,,,,,,,,,,,,,
,,,4,968307,77198,7.972471541,478181,49.38320182,,,,,,Nathan,,,,,,,,,,,,,,
6,C16,1758,1,855328,90347,10.5628484,54829,6.410289386,3160523,387754,112728,12.26866566,3.566751452,Aime,,,,,,,,,,,,,,
,,,2,657749,112292,17.07216583,13199,2.006692523,,,,,,,,,,,,,,,,,,,,
,,,3,664064,89544,13.48424248,4107,0.618464485,,,,,,,,,,,,,,,,,,,,
,,,4,983382,95571,9.718603757,40593,4.127897399,,,,,,,,,,,,,,,,,,,,
12,NC01,2163,1,1869469,444630,23.78375892,188775,10.09778713,7244666,1323181,1154938,18.26420983,0.159419082,aimee,,,,,,,,,,,,,,
,,,2,1781628,241452,13.55232405,324645,18.22181735,,,,,,,,,,,,,,,,,,,,
,,,3,1791204,350958,19.59341315,305161,17.03664128,,,,,,,,,,,,,,,,,,,,
,,,4,1802365,286141,15.8758631,336357,18.66198023,,,,,,,,,,,,,,,,,,,,
12,NC02,2165,1,1784386,174689,9.789866094,209690,11.75138115,6770373,947943,618360,14.00134084,0.091333225,Aimee,,,,,,,,,,,,,,
,,,2,1608991,240740,14.96217195,31303,1.945504978,,,,,,,,,,,,,,,,,,,,
,,,3,1642740,211011,12.84506373,247489,15.06562207,,,,,,,,,,,,,,,,,,,,
,,,4,1734256,321503,18.53838188,129878,7.488975099,,,,,,,,,,,,,,,,,,,,
12,NC03,2169,1,1927017,247967,12.86791969,491475,25.50444547,7913230,826903,3359608,10.44962676,0.424555839,Nathan,,,,,,,,,,,,,,
,,,2,1970058,176255,8.94669091,733342,37.22438629,,,,,,Nathan,,,,,,,,,,,,,,
,,,3,2021373,134804,6.668932453,1345912,66.58404955,,,,,,Nathan,,,,,,,,,,,,,,
,,,4,1994782,267877,13.42888596,788879,39.54712846,,,,,,Nathan,,,,,,,,,,,,,,
12,NC04,2171,1,1755555,280856,15.99813164,185603,10.57232613,7366499,961037,1015668,13.04604806,0.137876622,Annabelle,,,,,,,,,,,,,,
,,,2,1804994,218231,12.0904003,447249,24.77842032,,,,,,Annabelle,,,,,,,,,,,,,,
,,,3,1913036,249164,13.02453273,300382,15.70184774,,,,,,Annabelle,,,,,,,,,,,,,,
,,,4,1892914,212786,11.24118687,82434,4.354872963,,,,,,Annabelle,,,,,,,,,,,,,,
12,NC05,2175,1,1973011,437577,22.17813281,103345,5.237933291,7626927,1163510,329944,15.2552922,0.043260411,Natalie,,,,,,,,,,,,,,
,,,2,1939473,254970,13.14635471,118020,6.085158185,,,,,,,,,,,,,,,,,,,,
,,,3,1881476,266959,14.18880709,11344,0.60293089,,,,,,,,,,,,,,,,,,,,
,,,4,1832967,204004,11.12971483,97235,5.304787266,,,,,,,,,,,,,,,,,,,,
12,NC06,2177,1,1959283,362746,18.51422178,15484,0.790289101,7982750,1564282,108724,19.5957784,0.013619868,Aime,,,,,,,,,,,,,,
,,,2,2073885,427905,20.63301485,2607,0.125706102,,,,,,,,,,,,,,,,,,,,
,,,3,2046031,424414,20.74328297,0,0,,,,,,,,,,,,,,,,,,,,
,,,4,1903551,349217,18.34555523,90633,4.761259352,,,,,,,,,,,,,,,,,,,,
12,A03,2181,1,1163651,280892,24.13885263,22276,1.914319671,4399886,795756,893087,18.08583222,0.202979577,Natalie,,,,,,,,,,,,,,
,,,2,1577072,253423,16.06920927,289184,18.33676585,,,,,,,,,,,,,,,,,,,,
,,,3,797589,147459,18.48809349,259085,32.48352222,,,,,,,,,,,,,,,,,,,,
,,,4,861574,113982,13.22950785,322542,37.43636646,,,,,,,,,,,,,,,,,,,,
12,A04,,1,968503,44307,4.574792231,50373,5.201119666,4338988,292913,166128,6.750721597,0.038287269,Natalie,,,,,,,,,,,,,,
,,,2,943250,47537,5.039703154,29002,3.074688577,,,,,,,,,,,,,,,,,,,,
,,,3,1029298,57888,5.62402725,70065,6.807066564,,,,,,,,,,,,,,,,,,,,
,,,4,1397937,143181,10.24230706,16688,1.193759089,,,,,,,,,,,,,,,,,,,,
12,A05,,1,896389,77683,8.666215226,4252,0.474347633,3935639,249059,314928,6.328298912,0.080019534,Natalie,,,,,,,,,,,,,,
,,,2,1167147,68694,5.885633943,42861,3.672288067,,,,,,,,,,,,,,,,,,,,
,,,3,728180,35252,4.841110714,47597,6.536433299,,,,,,,,,,,,,,,,,,,,
,,,4,1143923,67430,5.894627523,220218,19.25112092,,,,,,,,,,,,,,,,,,,,
12,A06,2192,1,1189849,152421,12.81011288,40118,3.37168834,4963030,595936,1008049,12.00750348,0.203111607,Natalie,,,,,,,,,,,,,,
,,,2,1208824,133629,11.05446285,0,0,,,,,,,,,,,,,,,,,,,,
,,,3,1199069,212861,17.75218941,342299,28.54706443,,,,,,,,,,,,,,,,,,,,
,,,4,1365288,97025,7.106559202,625632,45.82417776,,,,,,,,,,,,,,,,,,,,
12,A07,,1,1206800,86745,7.188017899,21114,1.749585681,4508705,399475,392142,8.860082884,0.086974419,Natalie,,,,,,,,,,,,,,
,,,2,1348447,60283,4.470550196,52037,3.859031909,,,,,,,,,,,,,,,,,,,,
,,,3,905965,101005,11.14888544,198987,21.96409354,,,,,,,,,,,,,,,,,,,,
,,,4,1047493,151442,14.45756678,120004,11.45630567,,,,,,,,,,,,,,,,,,,,
12,A08,,1,979714,110865,11.31605754,62980,6.428406657,4254902,659467,163410,15.49899387,0.038405115,Natalie,,,,,,,,,,,,,,
,,,2,1054310,179762,17.05020345,63649,6.037028957,,,,,,,,,,,,,,,,,,,,
,,,3,1077504,95891,8.899363715,18186,1.687789558,,,,,,,,,,,,,,,,,,,,
,,,4,1143374,272949,23.87224128,18595,1.626326994,,,,,,,,,,,,,,,,,,,,
12,A09,,1,1174462,158824,13.52312804,14401,1.226178454,4483723,714199,149282,15.92870478,0.033294207,Natalie,,,,,,,,,,,,,,
,,,2,1288097,183590,14.2528086,54285,4.214356527,,,,,,,,,,,,,,,,,,,,
,,,3,923483,134237,14.53594706,54211,5.870275901,,,,,,,,,,,,,,,,,,,,
,,,4,1097681,237548,21.64089567,26385,2.403703808,,,,,,,,,,,,,,,,,,,,
12,A10,,1,1218787,186478,15.30029447,18947,1.554578446,4846225,989185,164914,20.41145428,0.034029373,Natalie,,,,,,,,,,,,,,
,,,2,1292499,253354,19.60187203,32491,2.51381239,,,,,,,,,,,,,,,,,,,,
,,,3,1230469,218475,17.75542496,53758,4.368903239,,,,,,,,,,,,,,,,,,,,
,,,4,1104470,330878,29.95807944,59718,5.406937264,,,,,,,,,,,,,,,,,,,,
12,A11,,1,1357246,26885,1.980849455,26030,1.917854243,5437633,472854,179787,8.695952816,0.033063467,Natalie,,,,,,,,,,,,,,
,,,2,1628111,137467,8.443343236,79302,4.870798121,,,,,,,,,,,,,,,,,,,,
,,,3,977711,45691,2.806381137,26012,1.597679765,,,,,,,,,,,,,,,,,,,,
,,,4,1474565,262811,17.82295118,48443,3.285240054,,,,,,,,,,,,,,,,,,,,
12,A12,,1,1078852,85693,7.942980131,65285,6.051339757,4027816,688430,287061,17.09189298,0.071269641,,,,,,,,,,,,,,,
,,,2,892696,154455,17.30208268,16989,1.903111474,,,,,,,,,,,,,,,,,,,,
,,,3,1116046,216018,19.3556538,155598,13.94189845,,,,,,,,,,,,,,,,,,,,
,,,4,940222,232264,24.70310203,49189,5.231636784,,,,,,,,,,,,,,,,,,,,
12,A13,,1,766104,96603,12.60964569,58436,7.627685014,3552012,726124,296461,20.44261112,0.083462837,Natalie,,,,,,,,,,,,,,
,,,2,942446,264555,28.07110434,50788,5.388955972,,,,,,,,,,,,,,,,,,,,
,,,3,884444,156969,17.74776017,93809,10.60655056,,,,,,,,,,,,,,,,,,,,
,,,4,959018,207997,21.68853974,93428,9.742048637,,,,,,,,,,,,,,,,,,,,
12,A14,,1,805376,115592,14.35255086,9932,1.23321281,3772900,819137,67012,21.71107106,0.017761404,,,,,,,,,,,,,,,
,,,2,911297,170456,18.70476914,57080,6.263600122,,,,,,,,,,,,,,,,,,,,
,,,3,1111890,229140,20.60815368,0,0,,,,,,,,,,,,,,,,,,,,
,,,9,944337,303949,32.18649698,0,0,,,,,,,,,,,,,,,,,,,,
12,A15,,1,1037153,362500,34.95144882,105368,10.15934968,3877664,1422282,240961,36.67883551,0.062140763,,,,,,,,,,,,,,,
,,,2,989527,267162,26.99896011,25100,2.53656545,,,,,,,,,,,,,,,,,,,,
,,,3,864829,330613,38.22871342,83197,9.620052057,,,,,,,,,,,,,,,,,,,,
,,,4,986155,462007,46.84932896,27296,2.767921878,,,,,,,,,,,,,,,,,,,,
12,A16,,1,1454621,194281,13.35612507,29097,2.000314859,4727141,816496,71376,17.27251207,0.01509919,Natalie,,,,,,,,,,,,,,
,,,2,1311226,278246,21.22029307,8102,0.617895008,,,,,,,,,,,,,,,,,,,,
,,,3,1173317,158292,13.49098326,34177,2.912853048,,,,,,,,,,,,,,,,,,,,
,,,4,787977,185677,23.56375884,0,0,,,,,,,,,,,,,,,,,,,,
12,B03,,1,1599069,209226,13.08423839,44634,2.791249158,6047959,870067,646308,14.38612596,0.10686382,,,,,,,,,,,,,,,
,,,2,1558298,315253,20.23059774,24972,1.602517619,,,,,,,,,,,,,,,,,,,,
,,,3,1424924,159293,11.17905236,244566,17.1634417,,,,,,,,,,,,,,,,,,,,
,,,4,1465668,186295,12.71058657,332136,22.66106649,,,,,,,,,,,,,,,,,,,,
12,B04,,1,1331652,191934,14.41322508,122864,9.226434534,3665000,568855,185055,15.5212824,0.050492497,Natalie,,,,,,,,,,,,,,
,,,2,1127505,177103,15.70751349,23169,2.054891109,,,,,,,,,,,,,,,,,,,,
,,,3,587743,114348,19.45544226,29647,5.044211501,,,,,,,,,,,,,,,,,,,,
,,,4,618100,85470,13.82785957,9375,1.516744863,,,,,,,,,,,,,,,,,,,,
12,B05,,1,1162080,121463,10.45220639,12459,1.072129285,4210244,717441,43811,17.04036631,0.01040581,Natalie,,,,,,,,,,,,,,
,,,2,1100367,247728,22.51321605,2827,0.256914284,,,,,,,,,,,,,,,,,,,,
,,,3,1092577,180748,16.54327338,2748,0.251515454,,,,,,,,,,,,,,,,,,,,
,,,4,855220,167502,19.58583756,25777,3.014078249,,,,,,,,,,,,,,,,,,,,
12,B06,,1,1147499,88669,7.727152703,140435,12.23835489,3865923,560559,306811,14.50000427,0.079362936,Natalie,,,,,,,,,,,,,,
,,,2,1409794,204255,14.48828694,48924,3.470294242,,,,,,,,,,,,,,,,,,,,
,,,3,526611,113742,8.067987238,27055,1.919074702,,,,,,,,,,,,,,,,,,,,
,,,4,782019,153893,19.67893363,90397,11.55943781,,,,,,,,,,,,,,,,,,,,
12,B07,,1,992825,117162,11.80087125,50089,5.045098582,3496103,534518,183653,15.28896603,0.052530775,Natalie,,,,,,,,,,,,,,
,,,2,1109880,157200,14.16369337,5491,0.49473817,,,,,,,,,,,,,,,,,,,,
,,,3,594692,92942,15.6285943,73090,12.2903957,,,,,,,,,,,,,,,,,,,,
,,,4,798706,167214,20.93561335,54983,6.884009886,,,,,,,,,,,,,,,,,,,,
12,B08,,1,867458,140840,16.23594456,128163,14.77454816,4266297,838337,249982,19.65022595,0.058594608,Natalie,,,,,,,,,,,,,,
,,,2,1047975,154652,14.75722226,42453,4.050955414,,,,,,,,,,,,,,,,,,,,
,,,3,1069040,271602,25.4061588,70270,6.573187159,,,,,,,,,,,,,,,,,,,,
,,,4,1281824,271243,21.16070537,9096,0.7096138,,,,,,,,,,,,,,,,,,,,
12,B09,,1,796414,102082,12.81770536,70945,8.908055358,3676473,754730,312126,20.52864253,0.084898216,,,,,,,,,,,,,,,
,,,2,817383,132288,16.18433464,47434,5.803154702,,,,,,,,,,,,,,,,,,,,
,,,3,830674,115521,13.9068997,126572,15.23726516,,,,,,,,,,,,,,,,,,,,
,,,4,1232002,404839,32.8602551,67175,5.452507382,,,,,,,,,,,,,,,,,,,,
12,B10,,1,1067979,232969,21.81400571,40317,3.775074229,4486406,1188468,74908,26.49042463,0.016696661,Natalie,,,,,,,,,,,,,,
 ,,,2,1254353,399698,31.86487376,4858,0.387291297,,,,,,,,,,,,,,,,,,,,
,,,3,961218,133545,13.89331036,17802,1.852025243,,,,,,,,,,,,,,,,,,,,
,,,4,1202856,422256,35.10445141,11931,0.991889304,,,,,,,,,,,,,,,,,,,,
12,B11,,1,916295,216021,23.57548606,46458,5.070201191,4025472,845659,253085,21.00769798,0.062870888,Natalie,,,,,,,,,,,,,,
,,,2,844417,185862,22.01068903,23712,2.808091263,,,,,,,,,,,,,,,,,,,,
,,,3,1171729,151698,12.94650896,156349,13.34344375,,,,,,,,,,,,,,,,,,,,
,,,4,1093031,292078,26.72184046,26566,2.430489163,,,,,,,,,,,,,,,,,,,,
12,B12,,1,1075234,367163,34.14726469,78284,7.280647747,3928222,1382486,179974,35.19368305,0.045815639,Natalie,,,,,,,,,,,,,,
,,,2,885909,360283,40.66817246,26552,2.997147563,,,,,,,,,,,,,,,,,,,,
,,,3,1032099,340866,33.02648292,18809,1.822402696,,,,,,,,,,,,,,,,,,,,
,,,4,934980,314174,33.60221609,56329,6.024620848,,,,,,,,,,,,,,,,,,,,
12,B13,,1,961872,356093,37.02083021,5398,0.561197332,3295343,792813,58328,24.05858813,0.01770013,Natalie,,,,,,,,,,,,,,
,,,2,730274,175065,23.97250895,3264,0.446955526,,,,,,,,,,,,,,,,,,,,
,,,3,775960,144797,18.66036909,21454,2.764833239,,,,,,,,,,,,,,,,,,,,
,,,4,827237,116858,14.12630238,28212,3.410389042,,,,,,,,,,,,,,,,,,,,
12,B14,,1,810143,150654,18.59597627,102536,12.65653101,3349182,686375,232635,20.49381013,0.069460244,Natalie,,,,,,,,,,,,,,
,,,2,708148,114410,16.15622723,58547,8.267622023,,,,,,,,,,,,,,,,,,,,
,,,3,1134130,285961,25.21412889,48979,4.31864072,,,,,,,,,,,,,,,,,,,,
,,,4,696761,135350,19.42559931,22573,3.239704863,,,,,,,,,,,,,,,,,,,,
12,B15,,1,1034863,115125,11.12466095,77369,7.476255311,3380772,542736,266519,16.05361142,0.078833769,Natalie,,,,,,,,,,,,,,
,,,2,783766,54711,6.980527351,53180,6.785188436,,,,,,,,,,,,,,,,,,,,
,,,3,692702,131720,19.0153919,11127,1.606318446,,,,,,,,,,,,,,,,,,,,
,,,4,869441,241180,27.73966261,124843,14.35899618,,,,,,,,,,,,,,,,,,,,
12,B16,,1,873873,249826,28.58836467,135712,15.52994543,3818043,989048,364756,25.90457991,0.095534807,,,,,,,,,,,,,,,
,,,2,576662,161652,28.03236558,4282,0.742549362,,,,,,,,,,,,,,,,,,,,
,,,3,1274046,353993,27.78494654,119879,9.409314891,,,,,,,,,,,,,,,,,,,,
,,,4,1093462,223577,20.44670963,104883,9.591828523,,,,,,,,,,,,,,,,,,,,
12,C13,,1,1408791,472009,33.50454397,39568,2.808649402,4592369,1140304,230250,24.83040888,0.050137522,Natalie,,,,,,,,,,,,,,
,,,2,1161223,264119,22.74489913,93864,8.083201935,,,,,,,,,,,,,,,,,,,,
,,,3,1117776,271365,24.27722549,55275,4.945087388,,,,,,,,,,,,,,,,,,,,
,,,7,904579,132811,14.68207862,41543,4.592523152,,,,,,,,,,,,,,,,,,,,
12,C14,2299,1,1269253,285611,22.50229072,5559,0.437974147,4249986,674042,25383,15.85986401,0.00597249,Natalie,,,,,,,,,,,,,,
,,,2,792654,111286,14.03966926,6721,0.847910942,,,,,,,,,,,,,,,,,,,,
,,,3,1115907,132345,11.85985929,13103,1.174201793,,,,,,,,,,,,,,,,,,,,
,,,4,1072172,144800,13.50529579,0,0,,,,,,,,,,,,,,,,,,,,
12,C15,2295,1,1700034,243095,14.29941989,217407,12.78839129,6217889,1028512,667142,16.5411766,0.107293971,Natalie,,,,,,,,,,,,,,
,,,2,1262391,217968,17.26628279,211116,16.72350326,,,,,,,,,,,,,,,,,,,,
,,,3,1691809,273863,16.18758382,100656,5.949607787,,,,,,,,,,,,,,,,,,,,
,,,4,1563655,293586,18.77562506,137963,8.823109957,,,,,,,,,,,,,,,,,,,,
12,C16,2240,1,1403559,222614,15.86067989,47958,3.416885218,4708911,941403,82942,19.99194718,0.017613839,,,,,,,,,,,,,,,
,,,2,1311172,300573,22.92399472,4446,0.339085948,,,,,,,,,,,,,,,,,,,,
,,,3,1195778,212316,17.75546966,25698,2.149061113,,,,,,,,,,,,,,,,,,,,
,,,4,798402,205900,25.78901355,4840,0.606210906,,,,,,,,,,,,,,,,,,,,
18,NC01,2576,1,1303531,215958,16.5671549,197645,15.16227846,5198960,837891,857196,16.11651176,16.48783603,Aime,,,,,,,,,,,,,,
,,,2,1336052,232419,17.39595465,185786,13.90559649,,,,,,,,,,,,,,,,,,,,
,,,3,1310853,297191,22.6715734,45267,3.453247618,,,,,,,,,,,,,,,,,,,,
,,,4,1248524,92323,7.39457151,428498,34.32036549,,,,,,,,,,,,,,,,,,,,
18,NC02,2579,1,1480577,136099,9.192294626,77459,5.231676569,5811475,573333,227386,9.865533277,3.912707187,,,,,,,,,,,,,,,
,,,2,1493190,169502,11.35166991,39678,2.657263978,,,,,,,,,,,,,,,,,,,,
,,,3,1444208,144341,9.99447448,31938,2.211454306,,,,,,,,,,,,,,,,,,,,
,,,4,1393500,123391,8.854754216,78311,5.619734482,,,,,,,,,,,,,,,,,,,,
18,NC03,2583,1,1341024,52790,3.936544014,964663,71.93480504,5220227,384909,2708236,7.373414988,51.87965964,Annabelle,,,,,,,,,,,,,,
,,,2,1252266,91556,7.311226209,661530,52.82663587,,,,,,,,,,,,,,,,,,,,
,,,3,1265740,153225,12.1055667,226589,17.90170177,,,,,,,,,,,,,,,,,,,,
,,,4,1361197,87338,6.416264508,855454,62.84571594,,,,,,,,,,,,,,,,,,,,
18,NC04,2586,1,1309601,245888,18.77579507,157318,12.01266645,5625645,856500,1009990,15.22492088,17.95331913,Annabelle,,,,,,,,,,,,,,
,,,2,1493281,206386,13.82097542,465245,31.15589095,,,,,,,,,,,,,,,,,,,,
,,,3,1503255,241646,16.07485091,313267,20.8392455,,,,,,,,,,,,,,,,,,,,
,,,4,1319508,162580,12.32125914,74160,5.620276649,,,,,,,,,,,,,,,,,,,,
18,NC05,2591,1,1726110,179547,10.40182839,72663,4.209639015,6646676,831763,220582,12.51396939,3.318681398,Annabelle,,,,,,,,,,,,,,
,,,2,1759149,221619,12.59808009,33756,1.918882369,,,,,,,,,,,,,,,,,,,,
,,,3,1601854,223276,13.93859865,54170,3.381706448,,,,,,,,,,,,,,,,,,,,
,,,4,1559563,207321,13.29353159,59993,3.846782721,,,,,,,,,,,,,,,,,,,,
18,NC06,,1,1546063,338750,21.91049136,33148,2.144026472,6127343,1406085,106270,22.94771159,1.734356964,Nathan,,,,,,,,,,,,,,
,,,2,1705194,388714,22.79588129,30266,1.774930008,,,,,,Nathan,,,,,,,,,,,,,,
,,,3,1512168,373137,24.67563128,7784,0.51475762,,,,,,Nathan,,,,,,,,,,,,,,
,,,4,1363918,305484,22.39753416,35072,2.571415584,,,,,,Nathan,,,,,,,,,,,,,,
18,A03,2635,1,879762,150677,17.12701844,178808,20.32458779,3739706,728975,483340,19.49284249,12.92454541,Annabelle,,,,,,,,,,,,,,
,,,2,593765,152755,25.72650796,124912,21.03727906,,,,,,,,,,,,,,,,,,,,
,,,3,926125,181384,19.58526117,15145,1.635308409,,,,,,,,,,,,,,,,,,,,
,,,4,1340054,244159,18.22008665,164475,12.27375912,,,,,,,,,,,,,,,,,,,,
18,A04,2599,1,1007838,65368,6.485963022,9786,0.970989385,3647431,190999,102338,5.236534975,2.805755613,,,,,,,,,,,,,,,
,,,2,1016383,50092,4.928457088,52980,5.212601942,,,,,,,,,,,,,,,,,,,,
,,,3,755844,44137,5.839432475,13470,1.78211377,,,,,,,,,,,,,,,,,,,,
,,,4,867366,31402,3.620386319,26102,3.009340924,,,,,,,,,,,,,,,,,,,,
18,A05,2642,1,1042517,81001,7.769753395,130586,12.52603075,3342849,209100,190991,6.255143442,5.7134199,Annabelle,,,,,,,,,,,,,,
,,,2,723916,31660,4.373435592,17811,2.46036833,,,,,,,,,,,,,,,,,,,,
,,,3,696131,47366,6.804179098,5991,0.860613879,,,,,,,,,,,,,,,,,,,,
,,,4,880285,49073,5.574671839,36603,4.158085166,,,,,,,,,,,,,,,,,,,,
18,A06,2648,1,908798,70011,7.70369213,271017,29.82147848,3346035,467804,443265,13.98084599,13.24747051,Annabelle,,,,,,,,,,,,,,
,,,2,688935,120713,17.52168202,129600,18.81164406,,,,,,,,,,,,,,,,,,,,
,,,3,864895,154351,17.84621255,25966,3.002214142,,,,,,,,,,,,,,,,,,,,
,,,4,883407,122729,13.89269046,16682,1.888370819,,,,,,,,,,,,,,,,,,,,
18,A07,2651,1,902630,104533,11.58093571,88637,9.819859743,2962714,232338,210973,7.84206643,7.120937087,Annabelle,,,,,,,,,,,,,,
,,,2,657295,78673,11.96920713,96710,14.71333267,,,,,,,,,,,,,,,,,,,,
,,,3,502329,23339,4.646158195,16305,3.245880688,,,,,,,,,,,,,,,,,,,,
,,,4,900460,25793,2.86442485,9321,1.035137596,,,,,,,,,,,,,,,,,,,,
18,A08,2663,1,1201419,221744,18.45684145,29887,2.487641697,4310541,581695,110138,13.49470983,2.555085313,Annabelle,,,,,,,,,,,,,,
,,,2,965442,78092,8.088730343,5625,0.58263469,,,,,,,,,,,,,,,,,,,,
,,,3,853981,103826,12.15788173,19341,2.264804486,,,,,,,,,,,,,,,,,,,,
,,,4,1289699,178033,13.80422874,55285,4.286659135,,,,,,,,,,,,,,,,,,,,
18,A09,2602,1,1166670,217143,18.61220397,7965,0.682712335,3975067,486157,70522,12.23015864,1.774108462,Annabelle,,,,,,,,,,,,,,
,,,2,902769,91919,10.18189592,39803,4.408990561,,,,,,,,,,,,,,,,,,,,
,,,3,901606,62132,6.891258488,2193,0.243232632,,,,,,,,,,,,,,,,,,,,
,,,4,1004022,114963,11.45024711,20561,2.047863493,,,,,,,,,,,,,,,,,,,,
18,A10,2667,1,1071276,305334,28.50189867,606,0.056568055,4241590,815537,68341,19.22715303,1.611211833,,,,,,,,,,,,,,,
,,,2,1300185,246829,18.98414456,48527,3.732315017,,,,,,,,,,,,,,,,,,,,
,,,3,1018819,163418,16.03994429,8780,0.861782122,,,,,,,,,,,,,,,,,,,,
,,,4,851310,99956,11.74143379,10428,1.224935687,,,,,,,,,,,,,,,,,,,,
18,A11,2673,1,950494,144225,15.17368863,2064,0.21715024,3461926,270605,23835,7.816602666,0.688489586,Annabelle,,,,,,,,,,,,,,
,,,2,965179,32231,3.339380571,2811,0.291241314,,,,,,,,,,,,,,,,,,,,
,,,3,954336,17336,1.816550984,12663,1.326891158,,,,,,,,,,,,,,,,,,,,
,,,4,591917,76813,12.97698833,6297,1.063831584,,,,,,,,,,,,,,,,,,,,
18,A12,2692,1,942284,245811,26.0867212,14100,1.496364153,3535126,677664,172453,19.16944403,4.878270251,Annabelle,,,,,,,,,,,,,,
,,,2,993498,187161,18.8385885,107898,10.86041441,,,,,,,,,,,,,,,,,,,,
,,,3,822221,107191,13.03676262,42491,5.167832006,,,,,,,,,,,,,,,,,,,,
,,,4,777123,137501,17.69359548,7964,1.024805597,,,,,,,,,,,,,,,,,,,,
18,A13,2695,1,966792,168373,17.41563852,100583,10.40378903,3464569,612688,302860,17.68439307,8.741635684,Annabelle,,,,,,,,,,,,,,
,,,2,898518,177984,19.80861819,119297,13.27708516,,,,,,,,,,,,,,,,,,,,
,,,3,814724,97525,11.97031142,43833,5.380104183,,,,,,,,,,,,,,,,,,,,
,,,4,784535,168806,21.5166946,39147,4.989834743,,,,,,,,,,,,,,,,,,,,
18,A14,2699,1,1214156,367853,30.2970129,3663,0.301691051,4361270,933586,102503,21.40628762,2.350301632,Annabelle,,,,,,,,,,,,,,
,,,2,1226831,234267,19.09529511,4892,0.398750928,,,,,,,,,,,,,,,,,,,,
,,,3,934217,158912,17.01018072,7685,0.822614018,,,,,,,,,,,,,,,,,,,,
,,,4,986066,172554,17.49923433,86263,8.748197382,,,,,,,,,,,,,,,,,,,,
18,A15,2605,1,1181843,493604,41.76561523,40722,3.445635334,3828249,1238736,172749,32.35776983,4.512480771,Annabelle,,,,,,,,,,,,,,
,,,2,849663,266560,31.37243825,35562,4.185424103,,,,,,,,,,,,,,,,,,,,
,,,3,919248,269181,29.2827398,84519,9.194363219,,,,,,,,,,,,,,,,,,,,
,,,4,877495,209391,23.86235819,11946,1.361375278,,,,,,,,,,,,,,,,,,,,
18,A16,2702,1,861158,225463,26.18137438,2550,0.296112908,2807728,544471,18143,19.39187129,0.646180827,Annabelle,,,,,,,,,,,,,,
,,,2,815329,146948,18.02315384,11407,1.399067125,,,,,,,,,,,,,,,,,,,,
,,,3,653526,80428,12.30677892,1188,0.181783127,,,,,,,,,,,,,,,,,,,,
,,,4,477715,91632,19.18131103,2998,0.627570832,,,,,,,,,,,,,,,,,,,,
18,B03,2610,1,1205544,220040,18.25234085,224307,18.60628895,4993152,1010256,467315,20.23283089,9.359118248,Nathan,,,,,,,,,,,,,,
,,,2,1291704,249292,19.29946799,210835,16.32223791,,,,,,,,,,,,,,,,,,,,
,,,3,1276572,215949,16.91631964,23424,1.834914129,,,,,,,,,,,,,,,,,,,,
,,,4,1219332,324975,26.65188808,8749,0.717524021,,,,,,,,,,,,,,,,,,,,
18,B04,2608,1,867027,212343,24.49093281,15600,1.799251926,3317697,644913,125281,19.43857441,3.776143512,Annabelle,,,,,,,,,,,,,,
,,,2,640032,124760,19.49277536,36296,5.670966452,,,,,,,,,,,,,,,,,,,,
,,,3,775338,168739,21.76328259,32220,4.155606974,,,,,,,,,,,,,,,,,,,,
,,,4,1035300,139071,13.43291799,41165,3.976142181,,,,,,,,,,,,,,,,,,,,
18,B05,2614,1,1117869,238733,21.35608018,18239,1.631586528,4012450,729978,56866,18.19282483,1.417238844,Annabelle,,,,,,,,,,,,,,
,,,2,936133,159761,17.06605792,8466,0.904358676,,,,,,,,,,,,,,,,,,,,
,,,3,703928,80130,11.38326647,13335,1.894369879,,,,,,,,,,,,,,,,,,,,
,,,4,1254520,251354,20.03587029,16826,1.341230112,,,,,,,,,,,,,,,,,,,,
18,B06,2617,1,1219618,275835,22.61650779,100224,8.217655036,4313031,835458,187198,19.37055403,4.340288767,Annabelle,,,,,,,,,,,,,,
,,,2,781974,200102,25.58934185,53704,6.867747521,,,,,,,,,,,,,,,,,,,,
,,,3,1025193,104666,10.20939472,5541,0.540483597,,,,,,,,,,,,,,,,,,,,
,,,4,1286246,254855,19.81386142,27729,2.155808453,,,,,,,,,,,,,,,,,,,,
18,B07,2678,1,900513,130298,14.46930805,17286,1.91957251,3634397,584722,134675,16.08855609,3.705566563,Annabelle,,,,,,,,,,,,,,
,,,2,1006416,162459,16.14233081,5292,0.525826299,,,,,,,,,,,,,,,,,,,,
,,,3,882865,160718,18.2041422,22536,2.552598642,,,,,,,,,,,,,,,,,,,,
,,,4,844603,131247,15.53949015,89561,10.60391687,,,,,,,,,,,,,,,,,,,,
18,B08,2682,1,808973,145419,17.97575444,83180,10.28217258,2832019,709095,135304,25.03849727,4.777651562,Annabelle,,,,,,,,,,,,,,
,,,2,695729,146092,20.99840599,19294,2.773206234,,,,,,,,,,,,,,,,,,,,
,,,3,682332,231148,33.87617758,3364,0.493015131,,,,,,,,,,,,,,,,,,,,
,,,4,644985,186436,28.90547842,29466,4.568478337,,,,,,,,,,,,,,,,,,,,
18,B09,2676,1,843393,128842,15.27662667,93844,11.12695979,3646615,850949,328253,23.33531234,9.001580918,Annabelle,,,,,,,,,,,,,,
,,,2,1049872,240578,22.91498392,101220,9.641175305,,,,,,,,,,,,,,,,,,,,
,,,3,1109097,359829,32.44342019,31716,2.85962364,,,,,,,,,,,,,,,,,,,,
,,,4,644253,121700,18.89009442,101473,15.75048933,,,,,,,,,,,,,,,,,,,,
18,B10,2670,1,1166946,130389,11.17352474,5700,0.488454479,3942012,809345,7977,20.53126677,0.202358593,Annabelle,,,,,,,,,,,,,,
,,,2,1051573,240543,22.87458883,0,0,,,,,,,,,,,,,,,,,,,,
,,,3,864715,308011,35.61994414,2277,0.263323754,,,,,,,,,,,,,,,,,,,,
,,,4,858778,130402,15.18459951,0,0,,,,,,,,,,,,,,,,,,,,
18,B11,2661,1,1017392,247942,24.37035086,894,0.087871735,3698832,730957,119715,19.76183292,3.236562245,Annabelle,,,,,,,,,,,,,,
,,,2,1024743,126940,12.38749618,80572,7.862654344,,,,,,,,,,,,,,,,,,,,
,,,3,848282,187320,22.08227924,656,0.077332774,,,,,,,,,,,,,,,,,,,,
,,,4,808415,168755,20.87479822,37593,4.650210597,,,,,,,,,,,,,,,,,,,,
18,B12,2658,1,997091,380792,38.19029557,18192,1.824507492,4089734,1327924,34742,32.46969118,0.849492901,Annabelle,,,,,,,,,,,,,,
,,,2,1130508,299520,26.49428399,6920,0.6121142,,,,,,,,,,,,,,,,,,,,
,,,3,1037749,342461,33.00036907,3135,0.302096172,,,,,,,,,,,,,,,,,,,,
,,,4,924386,305151,33.0112096,6495,0.702628556,,,,,,,,,,,,,,,,,,,,
18,B13,2655,1,820578,82190,10.0161106,24515,2.987528303,3388760,500218,70743,14.76109255,2.087577757,Annabelle,,,,,,,,,,,,,,
,,,2,817771,77204,9.440784767,10344,1.264901788,,,,,,,,,,,,,,,,,,,,
,,,3,866895,214777,24.77543416,18815,2.170389724,,,,,,,,,,,,,,,,,,,,
,,,4,883516,126047,14.26652149,17069,1.931940112,,,,,,,,,,,,,,,,,,,,
18,B14,2645,1,1008014,155968,15.47280097,43359,4.301428353,3308467,585528,165262,17.6978643,4.995123119,aimee,,,,,,,,,,,,,,
,,,2,879825,235213,26.73406643,19145,2.176000909,,,,,,,,,,,,,,,,,,,,
,,,3,577202,110751,19.18756345,22212,3.848219514,,,,,,,,,,,,,,,,,,,,
,,,4,843426,83596,9.911480082,80546,9.549859739,,,,,,,,,,,,,,,,,,,,
18,B15,2639,1,1365184,455211,33.34429645,49757,3.644710164,4255966,847212,125474,19.90645602,2.948190846,Aimee,,,,,,,,,,,,,,
,,,2,854348,151492,17.73188443,7673,0.898111777,,,,,,,,,,,,,,,,,,,,
,,,3,1032692,136120,13.181084,29118,2.819620952,,,,,,,,,,,,,,,,,,,,
,,,4,1003742,104389,10.39998326,38926,3.878088194,,,,,,,,,,,,,,,,,,,,
18,B16,2631,1,775559,161791,20.86121107,29073,3.748650973,3517637,944808,169189,26.85916711,4.809734489,Aimee,,,,,,,,,,,,,,
,,,2,1174290,313754,26.71861295,82821,7.052857471,,,,,,,,,,,,,,,,,,,,
,,,3,987681,329807,33.39205675,52969,5.362966383,,,,,,,,,,,,,,,,,,,,
,,,4,580107,139456,24.03970302,4326,0.745724496,,,,,,,,,,,,,,,,,,,,
18,C13,2713,1,738222,382603,51.82763451,20722,2.807014692,3420663,1380254,67838,40.35048176,1.983182792,Nathan,,,,,,,,,,,,,,
,,,2,908341,420879,46.33491167,14857,1.635619222,,,,,,,,,,,,,,,,,,,,
,,,3,916516,286023,31.20763849,0,0,,,,,,,,,,,,,,,,,,,,
,,,4,857584,290749,33.90326778,32259,3.761614023,,,,,,,,,,,,,,,,,,,,
18,C14,2710,1,1204427,265266,22.02424888,804,0.066753734,4018972,1174203,5546,29.21650114,0.137995487,Nathan,,,,,,,,,,,,,,
,,,2,918637,274917,29.92661955,0,0,,,,,,,,,,,,,,,,,,,,
,,,3,967486,369055,38.14577162,0,0,,,,,,,,,,,,,,,,,,,,
,,,4,928422,264965,28.53928494,4742,0.510759116,,,,,,,,,,,,,,,,,,,,
18,C15,2707,1,1434162,258287,18.00961119,114950,8.015133576,4933867,1374909,412671,27.86676252,8.364047916,Nathan,,,,,,,,,,,,,,
,,,2,1155830,320409,27.72111816,62685,5.42337541,,,,,,,,,,,,,,,,,,,,
,,,3,1252843,364427,29.08800225,147013,11.73435139,,,,,,,,,,,,,,,,,,,,
,,,4,1091032,431786,39.57592445,88023,8.06786602,,,,,,,,,,,,,,,,,,,,
18,C16,2705,1,1083826,165170,15.23953107,140640,12.97625265,3414176,576026,287423,16.87159654,8.418517382,Aimee,,,,,,,,,,,,,,
,,,2,614936,72003,11.70902338,44840,7.291815734,,,,,,,,,,,,,,,,,,,,
,,,3,748108,142201,19.00808439,67689,9.048025151,,,,,,,,,,,,,,,,,,,,
,,,4,967306,196652,20.32986459,34254,3.541175181,,,,,,,,,,,,,,,,,,,,
25,NC01,3016,1,1883733,319649,16.96891226,729150,38.70771495,6966102,1126638,2323360,16.1731482,33.35236837,Nathan,,,,,,,,,,,,,,
,,,2,1788447,423570,23.6836764,615619,34.42198734,,,,,,Nathan,,,,,,,,,,,,,,
,,,3,1589594,279524,17.58461595,540814,34.02214654,,,,,,Nathan,,,,,,,,,,,,,,
,,,4,1704328,103895,6.095951014,437777,25.68619421,,,,,,Nathan,,,,,,,,,,,,,,
25,NC02,3021,1,1432746,186803,13.03811003,625526,43.65923897,5484450,565583,2605750,10.31248348,47.51160098,Natalie,,,,,,,,,,,,,,
,,,2,1374091,90526,6.5880644,908686,66.12997247,,,,,,,,,,,,,,,,,,,,
,,,3,1324444,189344,14.29611218,540694,40.82422511,,,,,,,,,,,,,,,,,,,,
,,,4,1353169,98910,7.309508273,530844,39.22968971,,,,,,,,,,,,,,,,,,,,
25,NC03,3028,1,1397300,145230,10.39361626,629961,45.08416231,5766026,412212,3698526,7.14897921,64.14341524,Natalie,,,,,,,,,,,,,,
,,,2,1668033,78068,4.680243137,1202761,72.10654705,,,,,,,,,,,,,,,,,,,,
,,,3,1172261,109769,9.363870333,752080,64.15636108,,,,,,,,,,,,,,,,,,,,
,,,4,1528432,79145,5.178182608,1113724,72.86709517,,,,,,,,,,,,,,,,,,,,
25,NC04,3012,1,1586600,294841,18.58319677,293168,18.47775117,6207395,837692,2183266,13.49506516,35.1720166,Natalie,,,,,,,,,,,,,,
,,,2,1572301,133226,8.473313952,912002,58.00428798,,,,,,,,,,,,,,,,,,,,
,,,3,1580890,260559,16.4817919,352314,22.28580104,,,,,,,,,,,,,,,,,,,,
,,,4,1467604,149066,10.1570996,625782,42.6397039,,,,,,,,,,,,,,,,,,,,
25,NC05,3018,1,1566770,154940,9.889134972,190633,12.16726131,6417081,1061344,329516,16.539358,5.134982713,Natalie,,,,,,,,,,,,,,
,,,2,1530655,240697,15.72509808,19680,1.285724085,,,,,,,,,,,,,,,,,,,,
,,,3,1614646,302752,18.75036386,99429,6.157944218,,,,,,,,,,,,,,,,,,,,
,,,4,1705010,362955,21.28755843,19774,1.159758594,,,,,,,,,,,,,,,,,,,,
25,NC06,3024,1,1848434,406847,22.0103612,30415,1.645446903,7704111,1854322,151890,24.06925342,1.971544803,Natalie,,,,,,,,,,,,,,
,,,2,1988756,397353,19.97997743,57951,2.913932126,,,,,,,,,,,,,,,,,,,,
,,,3,1941021,559264,28.81287735,63524,3.272710599,,,,,,,,,,,,,,,,,,,,
,,,4,1925900,490858,25.48720079,0,0,,,,,,,,,,,,,,,,,,,,
25,A03,3031,1,1383895,262151,18.94298339,561571,40.57901792,5820102,1436074,1161883,24.67437856,0.199632756,Natalie,,,,,,,,,,,,,,
,,,2,1281073,277897,21.69251869,392876,30.66772932,,,,,,,,,,,,,,,,,,,,
,,,3,1528118,361641,23.66577712,171631,11.23152793,,,,,,,,,,,,,,,,,,,,
,,,4,1627016,534385,32.8444834,35805,2.20065445,,,,,,,,,,,,,,,,,,,,
25,A04,3036,1,1024368,78124,7.626556081,7452,0.727472939,3232288,208888,68657,6.462542942,0.021240991,Aime,,,,,,,,,,,,,,
,,,2,503767,29552,5.866204019,12977,2.575992473,,,,,,,,,,,,,,,,,,,,
,,,3,742700,50252,6.766123603,25489,3.431937525,,,,,,,,,,,,,,,,,,,,
,,,4,961453,50960,5.300311092,22739,2.365066207,,,,,,,,,,,,,,,,,,,,
25,A05,3042,1,939017,61220,6.519583778,150755,16.05455492,3931449,236506,231487,6.015746357,0.058880835,Aime ,,,,,,,,,,,,,,
,,,2,927733,43861,4.727761112,47478,5.117636216,,,,,,,,,,,,,,,,,,,,
,,,3,1127885,87265,7.73704766,4217,0.373885636,,,,,,,,,,,,,,,,,,,,
,,,4,936814,44160,4.713849281,29037,3.099548043,,,,,,,,,,,,,,,,,,,,
25,A06,3054,1,1015168,122454,12.06243696,342752,33.76308158,3318226,530924,650931,16.00023627,0.196168374,Annabelle,,,,,,,,,,,,,,
,,,2,753731,114435,15.18247226,233194,30.93862399,,,,,,Annabelle,,,,,,,,,,,,,,
,,,3,759302,126833,16.70389384,48275,6.357812833,,,,,,Annabelle,,,,,,,,,,,,,,
,,,4,790025,167202,21.16414038,26710,3.380905668,,,,,,Annabelle,,,,,,,,,,,,,,
25,A07,3062,1,1113341,88323,7.933148963,111611,10.02487109,3784497,265801,264227,7.02341685,0.069818261,Annabelle,,,,,,,,,,,,,,
,,,2,689370,61808,8.965867386,106111,15.39245978,,,,,,Annabelle,,,,,,,,,,,,,,
,,,3,766357,49786,6.496450088,39554,5.161302109,,,,,,Annabelle,,,,,,,,,,,,,,
,,,4,1215429,65884,5.420637487,6951,0.571896836,,,,,,Annabelle,,,,,,,,,,,,,,
25,A08,3068,1,1415670,219305,15.49125149,18297,1.292462226,4126941,571630,140686,13.85117936,0.034089656,Annabelle,,,,,,,,,,,,,,
,,,2,988564,99264,10.04123152,7751,0.784066586,,,,,,Annabelle,,,,,,,,,,,,,,
,,,3,678384,69004,10.17182009,65838,9.705122762,,,,,,Annabelle,,,,,,,,,,,,,,
,,,4,1044323,184057,17.62452804,48800,4.672883773,,,,,,Annabelle,,,,,,,,,,,,,,
25,A09,3071,1,1348136,213742,15.85463188,8163,0.605502709,4234100,543248,89488,12.83030632,0.02113507,Annabelle,,,,,,,,,,,,,,
,,,2,746460,93576,12.53596978,42721,5.723146585,,,,,,Annabelle,,,,,,,,,,,,,,
,,,3,818291,106766,13.04743667,14428,1.763186935,,,,,,Annabelle,,,,,,,,,,,,,,
,,,4,1321213,129164,9.776167809,24176,1.829833645,,,,,,Annabelle,,,,,,,,,,,,,,
25,A10,3077,1,1297182,399046,30.76252985,12876,0.992613219,4079885,997188,51230,24.44157127,0.012556726,Aime,,,,,,,,,,,,,,
,,,2,1183358,282943,23.91017765,37412,3.161511563,,,,,,,,,,,,,,,,,,,,
,,,3,854515,126056,14.75175977,942,0.110237971,,,,,,,,,,,,,,,,,,,,
,,,4,744830,189143,25.39411678,0,0,,,,,,,,,,,,,,,,,,,,
25,A11,3083,1,1231858,254339,20.64677909,2868,0.232819043,4093139,455223,13036,11.12161107,0.003184842,Natalie,,,,,,,,,,,,,,
,,,2,1124325,32921,2.928067952,2575,0.229026305,,,,,,,,,,,,,,,,,,,,
,,,3,891207,137624,12.2405888,6035,0.536766504,,,,,,,,,,,,,,,,,,,,
,,,4,845749,30339,3.58723451,1558,0.184215411,,,,,,,,,,,,,,,,,,,,
25,A12,3102,1,1330481,477582,35.89543932,19690,1.47991591,4042588,1128322,184130,27.91088283,0.045547555,Natalie,,,,,,,,,,,,,,
,,,2,1177768,357712,30.37202573,118533,10.06420619,,,,,,,,,,,,,,,,,,,,
,,,3,877147,212834,24.26434794,18122,2.066016301,,,,,,,,,,,,,,,,,,,,
,,,4,657192,80194,12.20252225,27785,4.227836005,,,,,,,,,,,,,,,,,,,,
25,A13,3105,1,969203,220836,22.78531948,70998,7.325400355,3759059,842661,321671,22.41680697,0.085572214,Aime,,,,,,,,,,,,,,
,,,2,916522,219253,23.92228446,136598,14.90395211,,,,,,,,,,,,,,,,,,,,
,,,3,897900,159222,17.73270966,51703,5.75821361,,,,,,,,,,,,,,,,,,,,
,,,4,975434,243350,24.94786936,62372,6.39428193,,,,,,,,,,,,,,,,,,,,
25,A14,3108,1,1384465,575161,41.54391769,9578,0.691819584,4216235,1463186,138218,34.7036159,0.032782328,Natalie,,,,,,,,,,,,,,
,,,2,1284339,395789,30.81655233,31278,2.435338334,,,,,,,,,,,,,,,,,,,,
,,,3,806746,234079,29.01520429,69996,8.67633679,,,,,,,,,,,,,,,,,,,,
,,,4,740685,258157,34.85381775,27366,3.694688025,,,,,,,,,,,,,,,,,,,,
25,A15,3111,1,1323520,548915,41.4738727,45451,3.434099976,4312596,1600920,172119,37.12195624,0.039910764,Annabelle,,,,,,,,,,,,,,
,,,2,1211996,458943,37.86670913,54690,4.51239113,,,,,,Annabelle,,,,,,,,,,,,,,
,,,3,1034493,323377,31.2594672,69187,6.688010455,,,,,,Annabelle,,,,,,,,,,,,,,
,,,4,742587,269685,36.3169568,2791,0.375848217,,,,,,Annabelle,,,,,,,,,,,,,,
25,A16,3114,1,1005087,217910,21.68071023,5272,0.524531707,3251811,714419,17024,21.96988078,0.005235237,Annabelle,,,,,,,,,,,,,,
,,,2,998906,194473,19.46859865,3299,0.330261306,,,,,,Annabelle,,,,,,,,,,,,,,
,,,3,656178,133569,20.35560473,8453,1.288217526,,,,,,Annabelle,,,,,,,,,,,,,,
,,,4,591640,168467,28.47457914,0,0,,,,,,Annabelle,,,,,,,,,,,,,,
25,B03,3034,1,1596404,294470,18.44583201,106138,6.648567656,5690091,1238236,767861,21.76126884,0.134947051,Annabelle,,,,,,,,,,,,,,
,,,2,1530027,450197,29.42412127,35818,2.34100444,,,,,,Annabelle,,,,,,,,,,,,,,
,,,3,1263955,210673,16.66776111,328674,26.00361564,,,,,,Annabelle,,,,,,,,,,,,,,
,,,4,1299705,282896,21.76617002,297231,22.86911261,,,,,,Annabelle,,,,,,,,,,,,,,
25,B04,3040,1,1212678,180139,14.85464402,63999,5.277493283,3795320,494172,191415,13.02056217,0.050434482,Aime,,,,,,,,,,,,,,
,,,2,1141481,124549,10.91117592,61524,5.389840041,,,,,,,,,,,,,,,,,,,,
,,,3,711986,114457,16.07573744,35616,5.002345552,,,,,,,,,,,,,,,,,,,,
,,,4,729175,75027,10.28929955,30276,4.15208969,,,,,,,,,,,,,,,,,,,,
25,B05,3046,1,1741084,269288,15.46668627,36892,2.118909829,5990155,1033568,219153,17.254445,0.036585531,Aime,,,,,,,,,,,,,,
,,,2,1946548,365992,18.80210506,11006,0.565411179,,,,,,,,,,,,,,,,,,,,
,,,3,973667,218801,22.47185126,11407,1.171550438,,,,,,,,,,,,,,,,,,,,
,,,4,1328856,179487,13.50688111,159848,12.02899336,,,,,,,,,,,,,,,,,,,,
25,B06,3049,1,2045043,495416,24.22521189,258284,12.62975889,6675555,1261646,619672,18.89949225,0.092827038,aimee,,,,,,,,,,,,,,
,,,2,1336799,210401,15.73916498,192741,14.41809876,,,,,,,,,,,,,,,,,,,,
,,,3,1380168,104033,7.782246994,112525,8.417495824,,,,,,,,,,,,,,,,,,,,
,,,4,1913545,451796,23.6104194,56122,2.932881119,,,,,,,,,,,,,,,,,,,,
25,B07,3052,1,1514493,133245,8.797993784,28339,1.871187255,4732308,680160,203950,14.37269087,0.043097364,Aime,,,,,,,,,,,,,,
,,,2,1240246,189901,15.31155916,18484,1.490349495,,,,,,,,,,,,,,,,,,,,
,,,3,953974,208546,21.8607635,5090,0.533557518,,,,,,,,,,,,,,,,,,,,
,,,4,1023595,148468,14.50456479,152037,14.85323785,,,,,,,,,,,,,,,,,,,,
25,B08,3058,1,784113,238308,30.39204808,3748,0.47799233,3030100,705266,219014,23.27533745,0.072279463,aimee,,,,,,,,,,,,,,
,,,2,792312,216944,27.38113269,103951,13.11995779,,,,,,,,,,,,,,,,,,,,
,,,3,785223,143458,18.26971446,80021,10.19086298,,,,,,,,,,,,,,,,,,,,
,,,4,668452,106556,15.94071078,31294,4.681562775,,,,,,,,,,,,,,,,,,,,
25,B09,3065,1,945074,115618,12.23375101,106274,11.24504536,4397464,862658,479082,19.61717026,0.108945065,aimee,,,,,,,,,,,,,,
,,,2,1160595,174837,15.06442816,176353,15.19505081,,,,,,,,,,,,,,,,,,,,
,,,3,1109829,231518,20.86069115,125472,11.30552545,,,,,,,,,,,,,,,,,,,,
,,,4,1181966,340685,28.82358714,70983,6.005502696,,,,,,,,,,,,,,,,,,,,
25,B10,3074,1,1425982,163577,11.47118267,7641,0.535841266,4667771,1024648,26883,21.95154818,0.00575928,aimee,,,,,,,,,,,,,,
 ,,,2,1073830,254117,23.66454653,7224,0.672732183,,,,,,,,,,,,,,,,,,,,
,,,3,1041588,400858,38.48527441,6942,0.666482333,,,,,,,,,,,,,,,,,,,,
,,,4,1126371,206096,18.29734608,5076,0.450650807,,,,,,,,,,,,,,,,,,,,
25,B11,3080,1,1010751,207053,20.48506507,57324,5.671426494,3885443,863234,145602,22.217132,0.037473719,aimee,,,,,,,,,,,,,,
,,,2,1056085,292829,27.72778706,15628,1.479805129,,,,,,,,,,,,,,,,,,,,
,,,3,964906,140619,14.57333668,56878,5.89466746,,,,,,,,,,,,,,,,,,,,
,,,4,853701,222733,26.09028219,15772,1.847485244,,,,,,,,,,,,,,,,,,,,
25,B12,3087,1,1158856,449568,38.7941211,33136,2.859371656,4088110,1553491,86474,38.00022504,2.115256194,,,,,,,,,,,,,,,
,,,2,922513,419686,45.49377624,8901,0.964864452,,,,,,,,,,,,,,,,,,,,
,,,3,884905,363706,41.10113515,34243,3.869680926,,,,,,,,,,,,,,,,,,,,
,,,4,1121836,320531,28.57200161,10194,0.908688971,,,,,,,,,,,,,,,,,,,,
25,B13,3090,1,1102307,269550,24.4532603,2250,0.204117365,3780132,524010,7279,13.86221434,0.192559413,Aime,,,,,,,,,,,,,,
,,,2,869827,87251,10.03084521,0,0,,,,,,,,,,,,,,,,,,,,
,,,3,891637,55690,6.245815281,4282,0.480240277,,,,,,,,,,,,,,,,,,,,
,,,4,916361,111519,12.16976716,747,0.081518092,,,,,,,,,,,,,,,,,,,,
25,B14,3093,1,1288046,151924,11.79492037,49697,3.858324936,4851931,652080,174972,13.43959755,3.606234301,Aime,,,,,,,,,,,,,,
,,,2,1081703,102781,9.501776366,105626,9.764787562,,,,,,,,,,,,,,,,,,,,
,,,3,1048921,153111,14.59700016,12929,1.232599977,,,,,,,,,,,,,,,,,,,,
,,,4,1433261,244264,17.04253447,6720,0.46886087,,,,,,,,,,,,,,,,,,,,
25,B15,3095,1,1266162,161467,12.75247559,155721,12.2986632,3785231,671719,214290,17.74578619,5.661213279,Aime,,,,,,,,,,,,,,
,,,2,729034,92377,12.67115114,2699,0.37021593,,,,,,,,,,,,,,,,,,,,
,,,3,896681,275305,30.70266907,42067,4.691411996,,,,,,,,,,,,,,,,,,,,
,,,4,893354,142570,15.95895916,13803,1.545076196,,,,,,,,,,,,,,,,,,,,
25,B16,3099,1,1032218,313555,30.37681963,108495,10.51086108,3863274,906664,454584,23.46879874,11.76680712,Annabelle,,,,,,,,,,,,,,
,,,2,809043,230521,28.49304672,31669,3.914377851,,,,,,,,,,,,,,,,,,,,
,,,3,946164,127594,13.48539999,166743,17.62305478,,,,,,,,,,,,,,,,,,,,
,,,4,1075849,234994,21.84265636,147677,13.72655456,,,,,,,,,,,,,,,,,,,,
25,C13,3123,1,1419463,370970,26.13453116,171256,12.06484424,4282940,1241599,428275,28.98940914,9.999556379,Annabelle,,,,,,,,,,,,,,
,,,2,1006573,284435,28.25776173,63445,6.303069921,,,,,,,,,,,,,,,,,,,,
,,,3,775723,278836,35.94530522,56691,7.308149945,,,,,,,,,,,,,,,,,,,,
,,,7,1081181,307358,28.42798754,136883,12.66050735,,,,,,,,,,,,,,,,,,,,
25,C14,3119,1,1099849,268687,24.42944441,56287,5.117702521,4277459,927652,355497,21.68698753,8.310938807,Annabelle,,,,,,,,,,,,,,
,,,2,1264106,173509,13.72582679,8414,0.665608739,,,,,,,,,,,,,,,,,,,,
,,,3,861489,190348,22.09523279,16429,1.907046985,,,,,,,,,,,,,,,,,,,,
,,,4,1052015,295108,28.05169128,274367,26.08014144,,,,,,,,,,,,,,,,,,,,
25,C15,3131,1,1511394,236620,15.65574562,220795,14.60869899,5148451,1180041,655825,22.92031137,12.7382974,Natalie,,,,,,,,,,,,,,
,,,2,1261156,322323,25.55774226,136977,10.86122573,,,,,,,,,,,,,,,,,,,,
,,,3,1333716,399358,29.94325629,185798,13.93085185,,,,,,,,,,,,,,,,,,,,
,,,4,1042185,221740,21.27645284,112255,10.77112029,,,,,,,,,,,,,,,,,,,,
25,C16,3117,1,958246,146509,15.28928897,330324,34.47173273,3714639,573392,1037341,15.43600872,27.92575537,Aimee,,,,,,,,,,,,,,
,,,2,861220,162943,18.92002044,167204,19.41478368,,,,,,,,,,,,,,,,,,,,
,,,3,983492,165243,16.80166183,208646,21.21481415,,,,,,,,,,,,,,,,,,,,
,,,4,911681,98697,10.82582614,331167,36.32487679,,,,,,,,,,,,,,,,,,,,
31,NC01,3429,1,1537347,191131,12.43252174,413842,26.91923164,6049730,467896,2502573,7.734163343,41.36668909,Aime,,,,,,,,,,,,,,
,,,2,1456969,127782,8.77039937,789133,54.16264862,,,,,,,,,,,,,,,,,,,,
,,,3,1449047,53799,3.712716013,997931,68.86809055,,,,,,,,,,,,,,,,,,,,
,,,4,1606367,95184,5.92542053,301667,18.779457,,,,,,,,,,,,,,,,,,,,
31,NC02,3424,1,1564441,1317,0.084183424,1521076,97.22808339,6193321,41155,5597314,0.664506167,90.376617,Aime,,,,,,,,,,,,,,
,,,2,1484001,7769,0.523517167,1338340,90.18457535,,,,,,,,,,,,,,,,,,,,
,,,3,1570950,26316,1.675164709,1258963,80.14023362,,,,,,,,,,,,,,,,,,,,
,,,4,1573929,5753,0.365518394,1478935,93.9645308,,,,,,,,,,,,,,,,,,,,
31,NC03,3421,1,1753153,37369,2.131531019,1007195,57.45049063,7033939,136583,3281109,1.941771175,46.64682193,Aime,,,,,,,,,,,,,,
,,,2,1721535,35650,2.070826327,857383,49.8034022,,,,,,,,,,,,,,,,,,,,
,,,3,1814764,40751,2.24552614,750647,41.36333981,,,,,,,,,,,,,,,,,,,,
,,,4,1744487,22813,1.307719691,665884,38.1707631,,,,,,,,,,,,,,,,,,,,
31,NC04,3477,1,1654674,184636,11.15845176,364297,22.01624006,6630874,322634,3783253,4.865633098,57.05511822,Aime,,,,,,,,,,,,,,
,,,2,1575384,95795,6.08073968,654422,41.54047521,,,,,,,,,,,,,,,,,,,,
,,,3,1649569,6878,0.416957399,1574171,95.4292303,,,,,,,,,,,,,,,,,,,,
,,,4,1751247,35325,2.017134076,1190363,67.97230773,,,,,,,,,,,,,,,,,,,,
31,NC05,3470,1,1646936,85233,5.17524664,218761,13.28290838,6151408,642422,451502,10.44349521,7.339815535,Aime,,,,,,,,,,,,,,
,,,2,1473883,120913,8.203704093,28744,1.950222643,,,,,,,,,,,,,,,,,,,,
,,,3,1432526,229523,16.02225719,11936,0.833213498,,,,,,,,,,,,,,,,,,,,
,,,4,1598063,206753,12.93772523,192061,12.01836223,,,,,,,,,,,,,,,,,,,,
31,NC06,3480,1,1645047,222676,13.53614821,226047,13.74106636,6550753,1016957,368908,15.52427637,5.631535794,Aime,,,,,,,,,,,,,,
,,,2,1683312,268601,15.95669727,68303,4.057655384,,,,,,,,,,,,,,,,,,,,
,,,3,1685631,223440,13.25557017,0,0,,,,,,,,,,,,,,,,,,,,
,,,4,1536763,302240,19.6673137,74558,4.851626438,,,,,,,,,,,,,,,,,,,,
31,A03,3474,1,1123593,201979,17.97617109,550684,49.01098529,4548756,969875,1092627,21.32176358,24.02034754,Aime,,,,,,,,,,,,,,
,,,2,821845,124522,15.15151884,309912,37.70930042,,,,,,,,,,,,,,,,,,,,
,,,3,1187337,316084,26.62125412,33773,2.844432541,,,,,,,,,,,,,,,,,,,,
,,,4,1415981,327290,23.11401071,198258,14.00145906,,,,,,,,,,,,,,,,,,,,
31,A04,3467,1,1120953,81643,7.283356216,31693,2.827326391,3895646,193328,142581,4.962668579,3.660009149,,,,,,,,,,,,,,,
,,,2,724321,36043,4.976108659,17193,2.373671342,,,,,,,,,,,,,,,,,,,,
,,,3,1091821,27577,2.525780325,28682,2.626987391,,,,,,,,,,,,,,,,,,,,
,,,4,958551,48065,5.014339352,65013,6.782424722,,,,,,,,,,,,,,,,,,,,
31,A05,3464,1,935712,122058,13.04439828,133451,14.26197377,3618847,406575,254772,11.23493201,7.040142896,aimee,,,,,,,,,,,,,,
,,,2,756482,40285,5.325308467,52463,6.935128661,,,,,,,,,,,,,,,,,,,,
,,,3,853127,152569,17.88350386,18995,2.226514927,,,,,,,,,,,,,,,,,,,,
,,,4,1073526,91663,8.538498369,49863,4.644787364,,,,,,,,,,,,,,,,,,,,
31,A06,3454,1,983440,90450,9.197307411,357314,36.33307573,4187721,611791,758699,14.60916331,18.11722892,aimee,,,,,,,,,,,,,,
,,,2,990218,182477,18.42796233,255493,25.80169215,,,,,,,,,,,,,,,,,,,,
,,,3,1152830,161383,13.99885499,65621,5.692166234,,,,,,,,,,,,,,,,,,,,
,,,4,1061233,177481,16.72403704,80271,7.56393742,,,,,,,,,,,,,,,,,,,,
31,A07,3449,1,889423,74249,8.347996398,110420,12.41479026,3272189,183420,313301,5.605421936,9.574660877,aimee,,,,,,,,,,,,,,
,,,2,781772,55982,7.160911365,132390,16.93460497,,,,,,,,,,,,,,,,,,,,
,,,3,734899,35028,4.766369256,64512,8.778349134,,,,,,,,,,,,,,,,,,,,
,,,4,866095,18161,2.096883136,5979,0.690339974,,,,,,,,,,,,,,,,,,,,
31,A08,3442,1,1110039,298450,26.88644273,44844,4.039858059,4372374,795807,267866,18.20079893,6.126328626,aimee,,,,,,,,,,,,,,
,,,2,1077159,138659,12.87265854,7824,0.726355162,,,,,,,,,,,,,,,,,,,,
,,,3,1021032,142568,13.9631275,110646,10.83668289,,,,,,,,,,,,,,,,,,,,
,,,4,1164144,216130,18.56557264,104552,8.98101953,,,,,,,,,,,,,,,,,,,,
31,A09,3435,1,1424416,340397,23.89730247,15297,1.0739138,4450120,758526,91287,17.04506845,2.051337941,Aime,,,,,,,,,,,,,,
,,,2,1016764,134467,13.22499616,47368,4.658701528,,,,,,,,,,,,,,,,,,,,
,,,3,897238,117341,13.07802389,4274,0.476350756,,,,,,,,,,,,,,,,,,,,
,,,4,1111702,166321,14.96093378,24348,2.190155275,,,,,,,,,,,,,,,,,,,,
31,A10,3487,1,1302227,324555,24.92307409,22663,1.740326379,4755775,921528,71798,19.37703108,1.509701363,Aime,,,,,,,,,,,,,,
,,,2,1364705,237431,17.39797246,38539,2.823980274,,,,,,,,,,,,,,,,,,,,
,,,3,1058476,254326,24.02756416,10596,1.001061904,,,,,,,,,,,,,,,,,,,,
,,,4,1030367,105216,10.21150716,0,0,,,,,,,,,,,,,,,,,,,,
31,A11,3494,1,1202657,225337,18.73659738,7365,0.612394058,3874975,426354,75295,11.00275486,1.94310931,Aime,,,,,,,,,,,,,,
,,,2,884707,47826,5.405857532,4300,0.48603662,,,,,,,,,,,,,,,,,,,,
,,,3,864831,44021,5.090127435,27491,3.178771344,,,,,,,,,,,,,,,,,,,,
,,,4,922780,109170,11.8305555,36139,3.916318082,,,,,,,,,,,,,,,,,,,,
31,A12,3501,1,1149154,342995,29.84760963,6720,0.584778019,3602846,771660,173654,21.41806783,4.819911814,aimee,,,,,,,,,,,,,,
,,,2,1121421,257201,22.93527587,141411,12.60998323,,,,,,,,,,,,,,,,,,,,
,,,3,628927,44538,7.081584985,14521,2.308853015,,,,,,,,,,,,,,,,,,,,
,,,4,703344,126926,18.04607703,11002,1.56424168,,,,,,,,,,,,,,,,,,,,
31,A13,3506,1,1036901,212805,20.52317434,93729,9.039339339,3826097,750155,348912,19.6062724,9.119266971,aimee,,,,,,,,,,,,,,
,,,2,910856,167554,18.39522383,65986,7.244394284,,,,,,,,,,,,,,,,,,,,
,,,3,813353,131858,16.21165718,121030,14.88037789,,,,,,,,,,,,,,,,,,,,
,,,4,1064987,237938,22.34186896,68167,6.400735408,,,,,,,,,,,,,,,,,,,,
31,A14,3514,1,1232274,653276,53.01385893,102864,8.347494145,3876953,1705336,695052,43.98650177,17.9277902,Nathan,,,,,,,,,,,,,,
,,,2,1205142,481973,39.99304646,126302,10.48025876,,,,,,,,,,,,,,,,,,,,
,,,3,723102,273313,37.79729554,309516,42.80391978,,,,,,,,,,,,,,,,,,,,
,,,4,716435,296774,41.42371604,156370,21.82612519,,,,,,,,,,,,,,,,,,,,
31,A15,3535,1,1142849,592624,51.85496947,129498,11.33115573,3862890,1998342,450833,51.73178631,11.67087336,Nathan,,,,,,,,,,,,,,
,,,2,1328946,741014,55.75952672,181276,13.64058434,,,,,,,,,,,,,,,,,,,,
,,,3,850957,371095,43.60913654,115279,13.54698299,,,,,,,,,,,,,,,,,,,,
,,,4,540138,293609,54.35814551,24780,4.587716472,,,,,,,,,,,,,,,,,,,,
31,A16,3540,1,662592,194442,29.34566068,52368,7.90350623,2215067,876262,179890,39.55916458,8.121199043,Nathan,,,,,,,,,,,,,,
,,,2,651818,243292,37.32514291,75739,11.61965457,,,,,,,,,,,,,,,,,,,,
,,,3,510440,270277,52.94980801,22717,4.450474101,,,,,,,,,,,,,,,,,,,,
,,,4,390217,168251,43.11729115,29066,7.448675993,,,,,,,,,,,,,,,,,,,,
31,B03,3460,1,1548599,270325,17.45610064,550469,35.54625826,5981076,1184462,1698515,19.80349355,28.3981511,Nathan,,,,,,,,,,,,,,
,,,2,1542339,403302,26.14872606,103800,6.730037949,,,,,,,,,,,,,,,,,,,,
,,,3,1441663,175612,12.18121017,493537,34.23386742,,,,,,,,,,,,,,,,,,,,
,,,4,1448475,335223,23.14316781,550709,38.0199175,,,,,,,,,,,,,,,,,,,,
31,B04,3458,1,1292136,394945,30.56528105,163295,12.63760161,4247942,1334678,447878,31.41940262,10.54341137,Nathan,,,,,,,,,,,,,,
,,,2,1068133,289194,27.07471822,83261,7.795003057,,,,,,,,,,,,,,,,,,,,
,,,3,938080,366901,39.11190943,86116,9.18002729,,,,,,,,,,,,,,,,,,,,
,,,4,949593,283638,29.86942827,115206,12.13214503,,,,,,,,,,,,,,,,,,,,
31,B05,3452,1,1025668,257821,25.1368864,63120,6.154038149,4254255,1183706,1098738,27.8240491,25.82680164,Nathan,,,,,,,,,,,,,,
,,,2,1207835,428195,35.45144825,258582,21.40871891,,,,,,,,,,,,,,,,,,,,
,,,3,834160,229281,27.48645344,308233,36.95130431,,,,,,,,,,,,,,,,,,,,
,,,4,1186592,268409,22.62015925,468803,39.50835671,,,,,,,,,,,,,,,,,,,,
31,B06,3445,1,1316216,277344,21.07131352,209153,15.89047694,5491956,1507336,1287594,27.44625048,23.44508951,Nathan,,,,,,,,,,,,,,
,,,2,1611655,487574,30.2530008,491556,30.50007601,,,,,,,,,,,,,,,,,,,,
,,,3,1558275,484655,31.10201986,393142,25.22930805,,,,,,,,,,,,,,,,,,,,
,,,4,1005810,257763,25.62740478,193743,19.26238554,,,,,,,,,,,,,,,,,,,,
31,B07,3438,1,835518,196520,23.52073803,67588,8.089352952,4077432,1405875,338148,34.47942234,8.29316099,Nathan,,,,,,,,,,,,,,
,,,2,1161020,447512,38.54472791,43904,3.781502472,,,,,,,,,,,,,,,,,,,,
,,,3,1084147,452431,41.73151796,57049,5.26210929,,,,,,,,,,,,,,,,,,,,
,,,4,996747,309412,31.04218021,169607,17.01605322,,,,,,,,,,,,,,,,,,,,
31,B08,3433,1,1228467,442161,35.99290823,346314,28.19074505,3979974,1598154,880132,40.15488543,22.11401381,Nathan,,,,,,,,,,,,,,
,,,2,860984,248094,28.81516962,153485,17.82669597,,,,,,,,,,,,,,,,,,,,
,,,3,910307,453721,49.84263551,40231,4.419498037,,,,,,,,,,,,,,,,,,,,
,,,4,980216,454178,46.33448138,340102,34.69663829,,,,,,,,,,,,,,,,,,,,
31,B09,3427,1,1505113,326068,21.66402124,282377,18.76118272,5510744,1508629,1243975,27.37614014,22.57363071,Nathan,,,,,,,,,,,,,,
,,,2,1365323,355168,26.01347813,280584,20.55074147,,,,,,,,,,,,,,,,,,,,
,,,3,1458542,549632,37.68365944,283324,19.42515197,,,,,,,,,,,,,,,,,,,,
,,,4,1181766,277761,23.50389163,397690,33.65217818,,,,,,,,,,,,,,,,,,,,
31,B10,3485,1,1015220,150721,14.84614172,48888,4.815507969,3870478,1113764,116047,28.77587729,2.998260163,Nathan,,,,,,,,,,,,,,
,,,2,1041634,303183,29.10648078,31083,2.98406158,,,,,,,,,,,,,,,,,,,,
,,,3,989097,462250,46.73454676,5663,0.57254243,,,,,,,,,,,,,,,,,,,,
,,,4,824527,197610,23.96646805,30413,3.688539005,,,,,,,,,,,,,,,,,,,,
31,B11,3492,1,1305606,401901,30.78271699,47927,3.670862419,4173527,1186976,257654,28.44059713,6.173531404,Nathan,,,,,,,,,,,,,,
,,,2,888843,156069,17.55866897,83716,9.418536232,,,,,,,,,,,,,,,,,,,,
,,,3,858676,336116,39.14351863,30855,3.593322743,,,,,,,,,,,,,,,,,,,,
,,,4,1120402,292890,26.14150992,95156,8.49302304,,,,,,,,,,,,,,,,,,,,
31,B12,3498,1,1058333,424911,40.14908351,62453,5.901072725,4225313,1801590,180815,42.63802469,4.279327946,Nathan,,,,,,,,,,,,,,
,,,2,1204532,471996,39.18501127,7324,0.60803698,,,,,,,,,,,,,,,,,,,,
,,,3,1070824,442989,41.36898314,71470,6.674299418,,,,,,,,,,,,,,,,,,,,
,,,4,891624,461694,51.78124411,39568,4.437745058,,,,,,,,,,,,,,,,,,,,
31,B13,3530,1,1035343,117335,11.33295922,27988,2.703258727,3394623,766527,86689,22.58062235,2.553715096,Nathan,,,,,,,,,,,,,,
,,,2,690275,203594,29.49462171,19564,2.834232733,,,,,,,,,,,,,,,,,,,,
,,,3,804085,294585,36.63605216,15764,1.960489252,,,,,,,,,,,,,,,,,,,,
,,,4,864920,151013,17.45976506,23373,2.702330851,,,,,,,,,,,,,,,,,,,,
31,B14,3520,1,1066847,290169,27.19874546,99180,9.296553301,3882594,1350551,472410,34.78475988,12.16738088,Nathan,,,,,,,,,,,,,,
,,,2,745819,246211,33.01216515,143492,19.23952058,,,,,,,,,,,,,,,,,,,,
,,,3,810553,337304,41.61405855,135840,16.75892878,,,,,,,,,,,,,,,,,,,,
,,,4,1259375,476867,37.86536973,93898,7.455920596,,,,,,,,,,,,,,,,,,,,
31,B15,3525,1,1048919,186663,17.79574972,50469,4.811525008,3959408,812115,393652,20.51102084,9.942193378,Nathan,,,,,,,,,,,,,,
,,,2,569666,110900,19.46754765,14010,2.459335821,,,,,,,,,,,,,,,,,,,,
,,,3,1182015,307630,26.02589646,236338,19.99450092,,,,,,,,,,,,,,,,,,,,
,,,4,1158808,206922,17.85645249,92835,8.011249491,,,,,,,,,,,,,,,,,,,,
31,B16,3533,1,957309,198945,20.78169118,549934,57.44581948,3718872,1003789,1724429,26.99175987,46.36967876,Nathan,,,,,,,,,,,,,,
,,,2,1163008,278650,23.95942246,558845,48.0516901,,,,,,,,,,,,,,,,,,,,
,,,3,929091,287358,30.92894022,398967,42.94164942,,,,,,,,,,,,,,,,,,,,
,,,4,669464,238836,35.67570474,216683,32.36663958,,,,,,,,,,,,,,,,,,,,
31,C13,3503,1,1220773,455737,37.33183811,433387,35.5010309,4107515,1592014,1691933,38.75856814,41.19115816,Nathan,,,,,,,,,,,,,,
,,,2,795845,351111,44.11801293,196160,24.64801563,,,,,,,,,,,,,,,,,,,,
,,,3,845059,472526,55.91633247,170636,20.1921996,,,,,,,,,,,,,,,,,,,,
,,,4,1245838,312640,25.0947555,891750,71.5783272,,,,,,,,,,,,,,,,,,,,
31,C14,3511,1,1431111,180590,12.61886744,348435,24.34716804,4717368,642203,1861652,13.61358707,39.46378574,Nathan,,,,,,,,,,,,,,
,,,2,881074,158215,17.9570615,49610,5.630628074,,,,,,,,,,,,,,,,,,,,
,,,3,1218313,143623,11.78867828,871675,71.54770572,,,,,,,,,,,,,,,,,,,,
,,,4,1186870,159775,13.46187872,591932,49.8733644,,,,,,,,,,,,,,,,,,,,
31,C15,3517,1,1309017,364801,27.86831645,166935,12.75269916,5393151,1032212,760538,19.13931206,14.10192298,Nathan,,,,,,,,,,,,,,
,,,2,1466205,212730,14.50888518,188159,12.83306223,,,,,,,,,,,,,,,,,,,,
,,,3,1461030,332438,22.75367378,216805,14.83918879,,,,,,,,,,,,,,,,,,,,
,,,4,1156899,122243,10.56643666,188639,16.30557205,,,,,,,,,,,,,,,,,,,,
31,C16,3522,1,727044,146329,20.12656731,354825,48.80378629,3033781,582045,1771787,19.18546527,58.40194134,Nathan/Jennifer,,,,,,,,,,,,,,
,,,2,788132,106529,13.51664442,532330,67.54325418,,,,,,,,,,,,,,,,,,,,
,,,3,832763,250185,30.04276127,514295,61.75766695,,,,,,,,,,,,,,,,,,,,
,,,4,685842,79002,11.51897959,370337,53.99742215,,,,,,,,,,,,,,,,,,,,
40,NC01,2654,1,1667757,,,899104,53.91097144,7319931,,3105795,,42.42929339,Jennifer,,DSC_2778.JPG,1.111691592,,,,,,,,,,,
,,,2,1775058,,,924589,52.0878191,,,,,,,,DSC_2693.JPG,1.565454895,,,,,,,,,,,
,,,3,1937273,,,748304,38.62666749,,,,,,,,IMG_4999.JPG,1.840730355,,,,,,,,,,,
,,,4,1939843,,,533798,27.51758776,,,,,,,,DSC_2773.JPG,2.683243751,,,,,,,,,,,
40,NC02,DSC_2819.JPG,1,1844028,,,804210,43.61159375,6786146,,4270749,,62.9333498,Jennifer,,DSC_2803.JPG,2.971565751,,,,,,,,,,,
,,,2,1637916,,,1289641,78.73669956,,,,,,,,DSC_2596 or 2597,3.179741507,,,,,,,,,,,
,,,3,1580395,,,802780,50.79616172,,,,,,,,DSC_2753.JPG,3.857632142,,,,,,,,,,,
,,,4,1723807,,,1374118,79.71414433,,,,,,,,DSC_2714.JPG,4.098976996,,,,,,,,,,,
40,NC03,DSC_2849.JPG,1,1674301,,,218718,13.06324251,6471371,,2478715,,38.30278004,Anais/Jennifer,,IM_5106.JPG,5.107434858,,,,,,,,,,,
,,,2,1641343,,,546704,33.30833348,,,,,,Anais,,DSC_2732.JPG ,5.735640956,,,,,,,,,,,
,,,3,1562558,,,1158344,74.13126425,,,,,,Anais,,DSC_2708.JPG,5.805525868,,,,,,,,,,,
,,,4,1593169,,,554949,34.83302776,,,,,,Anais,,DSC_2662.JPG,6.376221563,,,,,,,,,,,
40,NC04,DSC_2832.JPG,1,1730301,,,348795,20.15805343,6775663,,3534862,,52.16997953,Anais,,DSC_2783.JPG,6.830335523,,,,,,,,,,,
,,,2,1747152,,,1015774,58.13884539,,,,,,Anais,,DSC_2677.JPG,7.408638238,,,,,,,,,,,
,,,3,1659301,,,1398543,84.28506944,,,,,,Anais,,DSC_2589.JPG or DSC_2590.JPG,7.528503148,,,,,,,,,,,
,,,4,1638909,,,771750,47.08925267,,,,,,Anais,,DSC_2564.JPG ,7.65923183,,,,,,,,,,,
40,NC05,DSC_2724.JPG,1,1895595,,,1246364,65.75054271,7071022,,2486592,,35.16594914,Anais,,DSC_2573.JPG,8.770145793,,,,,,,,,,,
,,,2,1781781,,,329591,18.49784008,,,,,,Anais,,DSC_2687.JPG,9.61325213,,,,,,,,,,,
,,,3,1674664,,,176094,10.51518394,,,,,,Anais,,IMG_5028.JPG,11.46273218,,,,,,,,,,,
,,,4,1718982,,,734543,42.73127933,,,,,,Anais,,DSC_2583.JPG,12.18908955,,,,,,,,,,,
40,NC06,DSC_2714.JPG,1,1763556,,,27559,1.562694919,7096356,,290878,,4.098976996,Anais,,DSC_2792.JPG,12.49725084,,,,,,,,,,,
,,,2,1688377,,,197149,11.67683521,,,,,,Anais,,DSC_2747.JPG,12.71759235,,,,,,,,,,,
,,,3,1819275,,,61819,3.398001951,,,,,,Anais,,DSC_2759.JPG,12.8602966,,,,,,,,,,,
,,,4,1825148,,,4351,0.238391626,,,,,,Anais,,DSC_2739,15.01776752,,,,,,,,,,,
40,A03,DSC_2636.JPG,1,1121577,,,794134,70.80512528,5482090,,2388807,,43.57474978,Anais,,IMG_5244.JPG,15.64876318,,,,,,,,,,,
,,,2,1180004,,,873546,74.02907109,,,,,,Anais,,DSC_2766.JPG,24.95180031,,,,,,,,,,,
,,,3,1472736,,,168388,11.43368533,,,,,,Anais,,DSC_2724.JPG,35.16594914,,,,,,,,,,,
,,,4,1707773,,,552739,32.36606973,,,,,,Anais,,DSC_2669.JPG,36.98430091,,,,,,,,,,,
40,A04,DSC_2573.JPG,1,,,,,,4306234,,377663,,8.770145793,Gina,,DSC_2849.JPG,38.30278004,,,,,,,,,,,
,,,2,,,,,,,,,,,,,2654,42.42929339,,,,,,,,,,,
,,,3,,,,,,,,,,,,,DSC_2808.JPG,43.40308945,,,,,,,,,,,
,,,4,,,,,,,,,,,,,DSC_2636.JPG,43.57474978,,,,,,,,,,,
40,A05,IMG_5027.JPG,,,,,,,3832551,,307033,,8.011191501,Gina,"IDK how there she got 11, I feel like I was being very careful when I got 8 so use that number",,,,,,,,,,,,,
,,,,,,,,,,,,,,,,,,,,,,,,,,,,
,,,,,,,,,,,,,,,,,,,,,,,,,,,,
,,,,,,,,,,,,,,,,,,,,,,,,,,,,
40,A06,DSC_2583.JPG,no quadrat,,,,,,5593773,,681830,,11.87102139,Gina + ? Avg,checklooks like more than 12%,,,,,,,,,,,,,
,,,,,,,,,,,,,,,,,,,,,,,,,,,,
,,,,,,,,,,,,,,,,,,,,,,,,,,,,
,,,,,,,,,,,,,,,,,,,,,,,,,,,,
40,A07,DSC_2564.JPG ,no quadrat,,,,,,3841286,,294213,,7.13402748,Gina + Jennifer avg,checkmake sure you go all the way to the cage wall,,,,,,,,,,,,,
,,,,,,,,,,,,,,,,,,,,,,,,,,,,
,,,,,,,,,,,,,,,,,,,,,,,,,,,,
,,,,,,,,,,,,,,,,,,,,,,,,,,,,
40,A08,DSC_2589.JPG or DSC_2590.JPG,1,1462131,,,71661,4.90113403,5190567,,390772,,7.528503148,,,,,,,,,,,,,,,
,,,2,1221017,,,27564,2.257462427,,,,,,,,,,,,,,,,,,,,
,,,3,1158559,,,176334,15.22011395,,,,,,,,,,,,,,,,,,,,
,,,4,1348860,,,115213,8.541509126,,,,,,,,,,,,,,,,,,,,
40,A09,DSC_2596 or 2597,1,1518182,,,45464,2.994634372,4967951,,157968,,3.179741507,,,,,,,,,,,,,,,
,,,2,1247457,,,23264,1.864913981,,,,,,,,,,,,,,,,,,,,
,,,3,1056389,,,35210,3.333052502,,,,,,,,,,,,,,,,,,,,
,,,4,1145923,,,54030,4.714976486,,,,,,,,,,,,,,,,,,,,
40,A10,DSC_2773.JPG,1,1128331,,,59329,5.258120179,4650677,,124789,,2.683243751,check,,,,,,,,,,,,,,
,,,2,1301745,,,22364,1.718001606,,,,,,,,,,,,,,,,,,,,
,,,3,1155033,,,11285,0.977028362,,,,,,,,,,,,,,,,,,,,
,,,4,1065568,,,31811,2.985356167,,,,,,,,,,,,,,,,,,,,
40,A11,DSC_2778.JPG,1,1226275,,,19515,1.591404864,4354625,,48410,,1.111691592,,,,,,,,,,,,,,,
,,,2,1248338,,,5343,0.428009081,,,,,,,,,,,,,,,,,,,,
,,,3,1041007,,,12575,1.20796498,,,,,,,,,,,,,,,,,,,,
,,,4,839005,,,10977,1.308335469,,,,,,,,,,,,,,,,,,,,
40,A12,DSC_2783.JPG,1,1021664,,,23307,2.281278385,4092654,,279542,,6.622319099,Gina + Jennifer avg,checkmake sure you go all the way to the cage wall.,,,,,,,,,,,,,
,,,2,881199,,,207099,23.50195586,,,,,,,,,,,,,,,,,,,,
,,,3,1040891,,,8021,0.770589812,,,,,,,,,,,,,,,,,,,,
,,,4,1148900,,,41115,3.578640439,,,,,,,,,,,,,,,,,,,,
40,A13,IMG_5244.JPG,1,905172,,,125215,13.83328251,3588929,,561623,,15.64876318,,,,,,,,,,,,,,,
,,,2,859582,,,223499,26.00089346,,,,,,,,,,,,,,,,,,,,
,,,3,759945,,,132730,17.46573765,,,,,,,,,,,,,,,,,,,,
,,,4,1064230,,,80179,7.533991712,,,,,,,,,,,,,,,,,,,,
40,A14,DSC_2759.JPG,no quadrat,,,,,,4476763,,575725,,12.8602966,Jennifer,,,,,,,,,,,,,,
,,,,,,,,,,,,,,,,,,,,,,,,,,,,
,,,,,,,,,,,,,,,,,,,,,,,,,,,,
,,,,,,,,,,,,,,,,,,,,,,,,,,,,
40,A15,DSC_2753.JPG,1,1183439,,,25384,2.144935227,4466289,,172293,,3.857632142,Jennifer,,,,,,,,,,,,,,
,,,2,1315585,,,82348,6.259420714,,,,,,Jennifer,,,,,,,,,,,,,,
,,,3,1186228,,,61989,5.225723891,,,,,,Jennifer,,,,,,,,,,,,,,
,,,4,781037,,,2572,0.329305782,,,,,,Jennifer,,,,,,,,,,,,,,
40,A16,IMG_4999.JPG,1,862185,,,4342,0.503604215,2809374,,51713,,1.840730355,Jennifer,,,,,,,,,,,,,,
,,,2,1045116,,,39228,3.753458946,,,,,,Jennifer,,,,,,,,,,,,,,
,,,3,506748,,,1225,0.241737511,,,,,,Jennifer,,,,,,,,,,,,,,
,,,4,395325,,,6918,1.749952571,,,,,,Jennifer,,,,,,,,,,,,,,
40,B03,DSC_2766.JPG,1,1221987,,,32947,2.696182529,4661856,,1163217,,24.95180031,Jennifer,,,,,,,,,,,,,,
,,,2,1129652,,,108307,9.58764292,,,,,,Jennifer,,,,,,,,,,,,,,
,,,3,1185269,,,485843,40.99010436,,,,,,Jennifer,,,,,,,,,,,,,,
,,,4,1124948,,,536120,47.65731394,,,,,,Jennifer,,,,,,,,,,,,,,
40,B04,IM_5106.JPG,1,1046278,,,62040,5.929590415,3636855,,185750,,5.107434858,Jennifer,,,,,,,,,,,,,,
,,,2,883050,,,44260,5.012173716,,,,,,Jennifer,,,,,,,,,,,,,,
,,,3,829871,,,41953,5.055364026,,,,,,Jennifer,,,,,,,,,,,,,,
,,,4,877656,,,37497,4.272402855,,,,,,Jennifer,,,,,,Quad area,algae on mussels only,Algae on mussels & sand,total plot area,Quad % algae,total plot algae (mussels & sand),plot total % algae (mussels & sand),,plot total % algae (mussels only)
40,B05,DSC_2662.JPG,1,844586,,,14594,1.727947184,5005880,,319186,,6.96831215,Gina + Jennifer avg,This is an average of Jennifer at 6.37 and me ag 7.56,,,,1,1136031,18511,63363,5502287,5.577576668,505328,9.183962959,,7.263034444
,,,2,1335395,,,36611,2.741585823,,,,,,Jennifer,,,,,2,1493625,59790,120633,,8.076525232,,,,
,,,3,1350185,,,108267,8.018678922,,,,,,Jennifer,,,,,3,1365502,127319,127319,,9.323970232,,,,
,,,4,1475714,,,159714,10.82282881,,,,,,Jennifer,,,,,4,1507129,194013,194013,,12.87301883,,,,
40,B06,DSC_2669.JPG,1,1179283,,,397972,33.74694624,4618803,,1708232,,36.98430091,Jennifer,,,,,,,,,,,,,,
,,,2,1252762,,,789190,62.99600403,,,,,,Jennifer,,,,,,,,,,,,,,
,,,3,1195881,,,318307,26.616946,,,,,,Jennifer,,,,,,,,,,,,,,
,,,4,990877,,,202763,20.4629838,,,,,,Jennifer,,,,,,,,,,,,,,
40,B07,DSC_2732.JPG ,no quadrat but there is not much so it shouldn't be hard to do it all at once,na,,,na,na,4575792,,262451,,5.735640956,Anais,,,,,,,,,,,,,,
,,,,na,,,na,na,,,,,,,,,,,,,,,,,,,,
,,,,na,,,na,na,,,,,,,,,,,,,,,,,,,,
,,,,na,,,na,na,,,,,,,,,,,,,,,,,,,,
40,B08,DSC_2740,,,,,,,4432844,,790203,,16.42193146,Gina + Anais avg,This is an avearge of Anais at 15.01776752 and me at 17.8,,,,,,,,,,,,,
,,,,,,,,,,,,,,,,,,,,,,,,,,,,
,,,,,,,,,,,,,,,,,,,,,,,,,,,,
,,,,,,,,,,,,,,,,,,,,,,,,,,,,
40,B09,DSC_2747.JPG,,,,,,,3892600,,495045,,12.71759235,Gina,,,,,,,,,,,,,,
,,,,,,,,,,,,,,,,,,,,,,,,,,,,
,,,,,,,,,,,,,,,,,,,,,,,,,,,,
,,,,,,,,,,,,,,,,,,,,,,,,,,,,
40,B10,DSC_2800.JPG,"no quadrat but there is only one little tuft of fuzzy red algae on the left side, so it should be really easy to do this all at once",na,,,na,first try,4131391,,122767,,2.971565751,Anais,,,,,,,,,,,,,,
,,,,na,,,na,second try,4305766,,34836,,0.809054649,Gina,,,,,,,,,,,,,,
,,,,na,,,na,third try,4098765,,36210,,0.88343684,Gina,,,,,,,,,,,,,,
,,,,na,,,na,na,,,,,,,,,,,,,,,,,,,,
40,B11,DSC_2792.JPG,1,827408,,,31149,3.764648154,3560183,,444925,,12.49725084,Gina,,,,,,,,,,,,,,
,,,2,752637,,,184052,24.4542854,,,,,,Gina,,,,,,,,,,,,,,
,,,3,910510,,,93033,10.2176802,,,,,,Gina,,,,,,,,,,,,,,
,,,4,1069628,,,136691,12.77930271,,,,,,Gina,,,,,,,,,,,,,,
40,B12,DSC_2708.JPG,,na,,,na,na,4342449,,252102,,5.805525868,Gina,,,,,,,,,,,,,,
,,,,na,,,na,na,,,,,,,,,,,,,,,,,,,,
,,,,na,,,na,na,,,,,,,,,,,,,,,,,,,,
,,,,na,,,na,na,,,,,,,,,,,,,,,,,,,,
40,B13,DSC_2693.JPG,1,949032,,,0,,4217049,,66016,,1.565454895,Gina,,,,,,,,,,,,,,
,,,2,812697,,,22928,,,,,,,Gina,,,,,,,,,,,,,,
,,,3,1285809,,,43088,,,,,,,Gina,,,,,,,,,,,,,,
,,,4,1169511,,,0,,,,,,,Gina,,,,,,,,,,,,,,
40,B14,DSC_2687.JPG,no quadrat,na,,,na,na,5144773,,494580,,9.61325213,Gina,,,,,,,,,,,,,,
,,,,na,,,na,na,,,,,,,,,,,,,,,,,,,,
,,,,na,,,na,na,,,,,,,,,,,,,,,,,,,,
,,,,na,,,na,na,,,,,,,,,,,,,,,,,,,,
40,B15,DSC_2677.JPG,1,989539,,,138124,13.95841902,3923879,,290706,,7.408638238,Gina,,,,,,,,,,,,,,
,,,2,827906,,,68344,8.255043447,,,,,,Gina,,,,,,,,,,,,,,
,,,3,1347821,,,43705,3.242641271,,,,,,Gina,,,,,,,,,,,,,,
,,,4,758613,,,40533,5.343040523,,,,,,Gina,,,,,,,,,,,,,,
40,B16,DSC_2808.JPG,1,1106482,,,566706,51.21691993,4345951,,1886277,,43.40308945,Gina,,,,,,,,,,,,,,
,,,2,1130349,,,378700,33.50292697,,,,,,Gina,,,,,,,,,,,,,,
,,,3,1025205,,,677877,66.12111724,,,,,,Gina,,,,,,,,,,,,,,
,,,4,1083915,,,262994,24.26334168,,,,,,Gina,,,,,,,,,,,,,,
40,C13,DSC_2628.JPG,,,,,,,4565869,,1000195,,21.90590663,Gina,,,,,,,,,,,,,,
,,,,,,,,,,,,,,,,,,,,,,,,,,,,
,,,,,,,,,,,,,,,,,,,,,,,,,,,,
,,,,,,,,,,,,,,,,,,,,,,,,,,,,
40,C14,DSC_2621.JPG,,,,,,,4830201,,655220,,13.56506696,Gina,,,,,,,,,,,,,,
,,,,,,,,,,,,,,maybe redo these last three bc I wasn't super focused.,,,,,,,,,,,,,,
,,,,,,,,,,,,,,,,,,,,,,,,,,,,
,,,,,,,,,,,,,,,,,,,,,,,,,,,,
40,C15,DSC_2614.JPG,,,,,,,4136538,,455757,,11.01783665,Gina,,,,,,,,,,,,,,
,,,,,,,,,,,,,,,,,,,,,,,,,,,,
,,,,,,,,,,,,,,,,,,,,,,,,,,,,
,,,,,,,,,,,,,,,,,,,,,,,,,,,,
40,C16,DSC_2605.JPG,,na,,,na,,3607084,,1290684,,35.78192246,Gina,,,,,,,,,,,,,,
,,,,na,,,na,na,,,,,,,,,,,,,,,,,,,,
,,,,na,,,na,na,,,,,,,,,,,,,,,,,,,,
,,,,na,,,na,na,,,,,,,,,,,,,,,,,,,,